date,meals_served,kitchen_staff,temperature_C,humidity_percent,day_of_week,special_event,past_waste_kg,staff_experience,food_waste_kg,month,day,meals_per_staff,experience_encoded,waste_category_dairy,waste_category_fruit,waste_category_grains,waste_category_meat,waste_category_vegetables
2024-08-26,89,8,27.68,74.25,0,0,46.36,intermediate,36.29,8.0,26.0,11.125,1,0,0,0,0,1
2024-01-29,217,6,26.77,47.76,0,1,49.84,expert,42.22,1.0,29.0,36.166666666666664,2,0,0,0,0,1
2024-12-19,192,8,22.79,71.5,3,0,39.53,beginner,39.81,12.0,19.0,24.0,0,0,0,0,1,0
2024-02-18,191,7,22.79,55.18,6,1,27.12,intermediate,40.75,2.0,18.0,27.285714285714285,1,0,0,1,0,0
2024-06-24,325,16,20.02,63.79,0,0,30.74,beginner,36.78,6.0,24.0,20.3125,0,0,0,1,0,0
2024-08-17,257,6,22.79,46.3,5,0,29.44,intermediate,31.06,8.0,17.0,42.833333333333336,1,0,0,0,0,1
2024-09-06,162,3,13.57,81.7,4,1,30.74,beginner,44.42,9.0,6.0,54.0,0,0,0,0,0,1
2024-08-17,149,10,18.26,63.26,5,0,46.18,intermediate,41.37,8.0,17.0,14.9,1,0,0,1,0,0
2024-06-06,428,6,27.92,73.3,3,0,31.42,expert,50.47,6.0,6.0,71.33333333333333,2,0,0,0,0,1
2024-02-11,257,8,31.11,59.83,6,0,36.33,beginner,40.53,2.0,11.0,32.125,0,0,0,0,0,1
2024-06-13,261,5,21.59,56.84,3,0,35.73,beginner,43.4,6.0,13.0,52.2,0,0,0,0,0,1
2024-04-19,243,12,22.79,39.23,4,0,23.18,intermediate,28.81,4.0,19.0,20.25,1,1,0,0,0,0
2024-01-07,318,13,29.52,53.61,6,0,27.26,intermediate,55.13,1.0,7.0,24.46153846153846,1,1,0,0,0,0
2024-08-25,214,10,31.8,32.51,6,0,19.43,expert,22.41,8.0,25.0,21.4,2,0,0,0,0,1
2024-10-22,205,7,24.8,51.56,1,0,21.36,expert,25.31,10.0,22.0,29.285714285714285,2,0,0,0,0,1
2024-11-23,306,3,15.29,68.19,5,0,35.12,intermediate,44.76,11.0,23.0,102.0,1,1,0,0,0,0
2024-10-29,224,5,13.05,71.74,1,1,37.76,expert,52.18,10.0,29.0,44.8,2,0,0,1,0,0
2024-08-01,270,5,29.7,56.07,3,0,31.71,intermediate,41.17,8.0,1.0,54.0,1,1,0,0,0,0
2024-06-22,306,8,22.61,36.62,5,0,36.16,expert,43.74,6.0,22.0,38.25,2,1,0,0,0,0
2024-10-24,208,4,23.56,58.24,3,0,30.74,intermediate,40.79,10.0,24.0,52.0,1,0,0,1,0,0
2024-06-17,339,5,15.01,65.45,0,0,33.14,expert,51.82,6.0,17.0,67.8,2,0,0,0,1,0
2024-02-16,276,8,22.79,57.93,4,1,30.21,beginner,43.13,2.0,16.0,34.5,0,0,0,0,0,1
2024-07-20,258,8,27.38,42.65,5,0,38.22,expert,51.78,7.0,20.0,32.25,2,0,0,1,0,0
2024-11-21,200,10,21.7,65.48,3,1,44.87,beginner,50.78,11.0,21.0,20.0,0,0,1,0,0,0
2024-12-07,306,12,23.85,74.11,5,1,21.41,intermediate,47.23,12.0,7.0,25.5,1,1,0,0,0,0
2024-05-15,181,12,31.03,50.22,2,0,48.77,intermediate,59.31,5.0,15.0,15.083333333333334,1,0,0,0,1,0
2024-06-25,286,14,19.61,62.23,1,0,37.43,expert,37.9,6.0,25.0,20.428571428571427,2,0,0,0,0,1
2024-10-27,241,11,32.5,78.69,6,1,49.73,expert,56.79,10.0,27.0,21.90909090909091,2,0,0,0,1,0
2024-09-14,186,11,24.57,44.14,5,0,36.67,beginner,31.09,9.0,14.0,16.90909090909091,0,0,0,0,0,1
2024-03-07,311,9,19.75,88.77,3,0,20.92,intermediate,44.18,3.0,7.0,34.55555555555556,1,0,0,0,1,0
2024-11-08,270,10,23.43,57.04,4,0,23.74,intermediate,34.03,11.0,8.0,27.0,1,1,0,0,0,0
2024-04-13,235,9,21.4,67.75,5,0,27.85,intermediate,45.48,4.0,13.0,26.11111111111111,1,0,0,1,0,0
2024-11-25,320,7,23.19,63.6,0,1,30.42,expert,50.25,11.0,25.0,45.714285714285715,2,0,0,0,1,0
2024-05-13,338,7,19.78,66.81,0,0,37.36,beginner,55.58,5.0,13.0,48.285714285714285,0,1,0,0,0,0
2024-03-29,263,6,15.89,44.93,4,1,25.04,intermediate,43.5,3.0,29.0,43.833333333333336,1,1,0,0,0,0
2024-08-26,403,7,25.88,38.43,0,0,52.22,beginner,58.67,8.0,26.0,57.57142857142857,0,0,0,0,0,1
2024-09-02,189,12,30.93,48.56,0,1,48.51,intermediate,51.62,9.0,2.0,15.75,1,0,0,1,0,0
2024-04-28,279,9,16.92,62.55,6,0,29.18,expert,44.26,4.0,28.0,31.0,2,0,0,1,0,0
2024-03-19,261,6,26.57,59.65,1,0,30.74,intermediate,30.19,3.0,19.0,43.5,1,0,0,1,0,0
2024-08-20,213,10,28.43,58.27,1,0,33.9,intermediate,30.38,8.0,20.0,21.3,1,0,0,0,0,1
2024-09-19,268,3,18.96,67.25,3,1,20.26,intermediate,40.81,9.0,19.0,89.33333333333333,1,0,0,1,0,0
2024-06-01,252,11,26.01,67.41,5,1,28.73,intermediate,47.81,6.0,1.0,22.90909090909091,1,0,0,0,0,1
2024-10-31,310,8,32.4,57.26,3,1,32.44,intermediate,47.04,10.0,31.0,38.75,1,0,0,0,0,1
2024-05-13,252,10,25.6,57.56,0,0,29.45,intermediate,36.47,5.0,13.0,25.2,1,0,0,0,0,1
2024-06-08,248,9,25.56,58.04,5,0,23.16,intermediate,42.98,6.0,8.0,27.555555555555557,1,0,0,0,1,0
2024-06-07,141,8,30.08,65.45,4,1,28.66,beginner,35.72,6.0,7.0,17.625,0,0,0,0,0,1
2024-05-29,177,4,24.62,49.98,2,0,28.0,expert,38.38,5.0,29.0,44.25,2,1,0,0,0,0
2024-10-04,261,6,19.12,70.78,4,0,20.48,intermediate,35.26,10.0,4.0,43.5,1,1,0,0,0,0
2024-06-29,213,6,14.91,60.84,5,0,43.46,expert,50.22,6.0,29.0,35.5,2,0,0,0,1,0
2024-01-28,268,11,27.95,59.96,6,0,18.1,expert,36.55,1.0,28.0,24.363636363636363,2,0,0,0,1,0
2024-07-04,258,6,24.28,68.81,3,0,14.74,expert,31.24,7.0,4.0,43.0,2,0,0,0,1,0
2024-09-12,217,7,26.33,57.52,3,0,28.97,beginner,41.81,9.0,12.0,31.0,0,0,0,0,0,1
2024-12-16,285,8,29.15,53.97,0,0,41.82,intermediate,45.96,12.0,16.0,35.625,1,1,0,0,0,0
2024-02-14,359,13,16.46,68.37,2,1,19.02,beginner,39.57,2.0,14.0,27.615384615384617,0,0,0,1,0,0
2024-08-21,399,8,18.73,34.26,2,0,41.2,expert,50.65,8.0,21.0,49.875,2,0,1,0,0,0
2024-04-13,340,10,23.41,50.15,5,0,26.75,expert,36.85,4.0,13.0,34.0,2,0,0,0,1,0
2024-12-29,276,7,12.93,62.55,6,0,31.38,intermediate,46.8,12.0,29.0,39.42857142857143,1,1,0,0,0,0
2024-03-03,145,6,21.72,51.61,6,0,40.59,intermediate,36.19,3.0,3.0,24.166666666666668,1,0,0,0,1,0
2024-12-25,213,7,24.97,88.46,2,0,19.29,intermediate,34.5,12.0,25.0,30.428571428571427,1,0,0,0,1,0
2024-12-04,121,10,26.16,67.87,2,0,36.33,intermediate,44.24,12.0,4.0,12.1,1,0,0,0,1,0
2024-10-19,279,5,22.79,67.1,5,0,32.52,beginner,47.3,10.0,19.0,55.8,0,0,0,0,0,1
2024-12-22,273,11,30.06,52.02,6,0,26.3,expert,36.52,12.0,22.0,24.818181818181817,2,0,0,1,0,0
2024-10-11,386,7,26.75,48.96,4,0,34.7,intermediate,46.12,10.0,11.0,55.142857142857146,1,0,0,0,0,1
2024-04-20,96,8,19.78,63.46,5,0,28.8,intermediate,28.15,4.0,20.0,12.0,1,0,0,1,0,0
2024-02-21,175,7,21.5,61.04,2,0,30.74,intermediate,36.22,2.0,21.0,25.0,1,0,1,0,0,0
2024-06-12,112,10,21.07,72.66,2,1,19.58,expert,24.53,6.0,12.0,11.2,2,0,0,0,1,0
2024-02-19,264,8,23.35,36.88,0,0,40.24,beginner,51.08,2.0,19.0,33.0,0,0,0,1,0,0
2024-06-15,298,10,29.97,53.23,5,0,19.41,intermediate,36.94,6.0,15.0,29.8,1,0,0,0,1,0
2024-12-11,355,8,19.24,56.16,2,0,21.86,beginner,41.84,12.0,11.0,44.375,0,0,0,0,1,0
2024-01-11,290,12,18.9,56.1,3,0,25.35,beginner,44.74,1.0,11.0,24.166666666666668,0,1,0,0,0,0
2024-08-08,206,5,22.33,88.84,3,0,43.57,intermediate,54.58,8.0,8.0,41.2,1,1,0,0,0,0
2024-08-02,278,9,26.63,57.24,4,0,26.43,expert,43.56,8.0,2.0,30.88888888888889,2,0,1,0,0,0
2024-05-02,80,11,21.69,46.83,3,0,30.74,intermediate,43.8,5.0,2.0,7.2727272727272725,1,0,0,0,1,0
2024-06-02,321,9,22.99,72.57,6,1,42.44,expert,55.87,6.0,2.0,35.666666666666664,2,0,0,0,1,0
2024-02-26,261,5,27.91,60.86,0,0,39.61,intermediate,42.27,2.0,26.0,52.2,1,0,0,0,0,1
2024-11-19,211,4,25.76,63.53,1,0,32.91,beginner,45.52,11.0,19.0,52.75,0,0,0,0,0,1
2024-04-04,226,3,24.54,58.27,3,0,43.03,beginner,56.61,4.0,4.0,75.33333333333333,0,0,0,0,0,1
2024-03-24,161,8,19.43,64.43,6,0,26.68,beginner,37.52,3.0,24.0,20.125,0,0,0,0,1,0
2024-03-26,232,8,27.22,67.36,1,0,20.78,intermediate,32.02,3.0,26.0,29.0,1,1,0,0,0,0
2024-10-16,238,10,33.19,82.84,2,1,14.13,expert,34.63,10.0,16.0,23.8,2,0,0,1,0,0
2024-09-21,349,7,22.76,58.62,5,0,26.38,intermediate,43.36,9.0,21.0,49.857142857142854,1,0,0,0,1,0
2024-08-16,291,3,18.86,68.79,4,0,46.51,intermediate,45.68,8.0,16.0,97.0,1,0,1,0,0,0
2024-03-12,261,5,16.28,71.3,1,0,30.74,beginner,43.62,3.0,12.0,52.2,0,1,0,0,0,0
2024-10-17,204,9,20.62,63.76,3,0,33.47,intermediate,38.8,10.0,17.0,22.666666666666668,1,0,0,0,1,0
2024-05-03,285,7,18.53,69.55,4,1,26.96,intermediate,48.82,5.0,3.0,40.714285714285715,1,0,0,1,0,0
2024-04-30,335,14,14.7,49.12,1,0,33.33,intermediate,50.81,4.0,30.0,23.928571428571427,1,0,0,0,1,0
2024-11-04,251,7,21.52,45.12,0,0,35.21,expert,32.09,11.0,4.0,35.857142857142854,2,0,0,1,0,0
,141,13,25.36,88.34,5,0,41.9,expert,34.54,,,10.846153846153847,2,0,0,1,0,0
2024-12-04,249,5,27.01,31.57,2,0,19.33,intermediate,27.35,12.0,4.0,49.8,1,0,1,0,0,0
2024-09-20,263,9,17.72,48.06,4,0,38.86,intermediate,44.26,9.0,20.0,29.22222222222222,1,0,0,0,0,1
2024-03-24,240,8,19.17,76.23,6,0,34.62,expert,47.7,3.0,24.0,30.0,2,0,0,0,1,0
2024-11-02,116,9,16.36,83.17,5,1,28.14,intermediate,41.9,11.0,2.0,12.88888888888889,1,0,0,1,0,0
2024-04-20,261,3,22.79,68.42,5,0,25.91,beginner,39.19,4.0,20.0,87.0,0,0,0,1,0,0
2024-05-22,175,6,17.49,62.62,2,0,30.74,intermediate,33.1,5.0,22.0,29.166666666666668,1,0,0,0,0,1
2024-10-27,241,11,32.19,78.69,6,1,49.73,expert,56.79,10.0,27.0,21.90909090909091,2,0,0,0,1,0
2024-08-14,226,11,19.74,63.37,2,0,30.74,intermediate,47.12,8.0,14.0,20.545454545454547,1,0,0,0,1,0
2024-07-21,229,10,22.79,45.05,6,0,23.42,expert,34.02,7.0,21.0,22.9,2,0,1,0,0,0
,299,9,32.25,62.54,3,0,30.74,intermediate,37.54,,,33.22222222222222,1,0,0,0,0,1
2024-12-03,315,8,15.87,75.0,1,0,21.73,beginner,36.42,12.0,3.0,39.375,0,0,1,0,0,0
2024-11-16,218,11,22.79,60.7,5,1,20.83,expert,26.3,11.0,16.0,19.818181818181817,2,0,1,0,0,0
2024-09-26,375,5,28.02,79.74,3,0,37.16,intermediate,55.83,9.0,26.0,75.0,1,0,0,1,0,0
2024-06-20,253,8,32.25,33.78,3,0,39.34,intermediate,48.83,6.0,20.0,31.625,1,0,0,0,0,1
2024-01-03,322,10,23.85,56.76,2,0,42.42,beginner,45.94,1.0,3.0,32.2,0,1,0,0,0,0
2024-02-22,309,9,22.91,57.48,3,0,35.3,expert,31.11,2.0,22.0,34.333333333333336,2,1,0,0,0,0
2024-04-01,261,10,25.7,65.19,0,0,31.73,intermediate,33.72,4.0,1.0,26.1,1,0,0,1,0,0
2024-04-19,220,4,28.54,55.94,4,0,42.53,intermediate,43.7,4.0,19.0,55.0,1,1,0,0,0,0
2024-01-01,293,9,18.0,53.88,0,1,34.82,expert,51.46,1.0,1.0,32.55555555555556,2,1,0,0,0,0
2024-10-13,249,8,22.79,72.7,6,0,35.63,intermediate,38.4,10.0,13.0,31.125,1,1,0,0,0,0
2024-07-09,303,6,17.93,63.21,1,1,39.04,beginner,42.09,7.0,9.0,50.5,0,0,1,0,0,0
2024-09-23,261,4,25.53,70.09,0,0,30.7,intermediate,35.91,9.0,23.0,65.25,1,0,0,1,0,0
2024-05-16,91,8,25.39,52.45,3,0,19.21,beginner,29.59,5.0,16.0,11.375,0,0,0,0,0,1
2024-02-13,301,9,23.74,62.35,1,1,28.07,beginner,46.48,2.0,13.0,33.44444444444444,0,0,1,0,0,0
2024-05-15,245,14,23.21,48.81,2,0,36.16,expert,37.98,5.0,15.0,17.5,2,0,1,0,0,0
2024-07-06,160,11,23.77,49.68,5,0,28.58,beginner,37.03,7.0,6.0,14.545454545454545,0,1,0,0,0,0
2024-06-10,193,11,29.5,47.49,0,0,38.53,intermediate,38.03,6.0,10.0,17.545454545454547,1,1,0,0,0,0
2024-10-11,221,8,22.73,81.6,4,0,47.83,expert,49.2,10.0,11.0,27.625,2,0,0,1,0,0
2024-06-20,318,7,19.64,54.97,3,1,24.83,expert,37.07,6.0,20.0,45.42857142857143,2,0,0,0,0,1
2024-04-03,300,9,25.13,43.84,2,0,13.26,intermediate,41.09,4.0,3.0,33.333333333333336,1,0,0,1,0,0
2024-07-08,244,6,28.78,55.09,0,0,25.8,beginner,37.99,7.0,8.0,40.666666666666664,0,1,0,0,0,0
2024-01-02,213,8,19.32,60.92,1,0,34.28,beginner,48.92,1.0,2.0,26.625,0,0,0,0,1,0
2024-08-17,337,5,25.8,57.16,5,0,26.45,beginner,35.64,8.0,17.0,67.4,0,0,0,0,0,1
2024-05-19,155,8,24.17,59.96,6,0,41.21,beginner,37.31,5.0,19.0,19.375,0,1,0,0,0,0
2024-12-03,142,9,21.69,85.27,1,0,33.46,intermediate,35.32,12.0,3.0,15.777777777777779,1,0,0,0,1,0
,264,8,13.26,59.98,0,1,30.74,beginner,48.45,,,33.0,0,0,0,1,0,0
2024-04-13,173,9,15.51,62.68,5,0,31.91,expert,35.99,4.0,13.0,19.22222222222222,2,0,0,0,1,0
2024-03-25,209,8,21.71,60.72,0,0,29.93,intermediate,39.59,3.0,25.0,26.125,1,0,0,0,0,1
2024-09-23,236,5,19.16,30.72,0,0,21.15,intermediate,25.01,9.0,23.0,47.2,1,0,0,0,1,0
2024-12-04,389,9,22.27,53.06,2,0,22.45,expert,45.32,12.0,4.0,43.22222222222222,2,0,1,0,0,0
2024-06-11,80,7,27.4,81.54,1,0,38.48,beginner,46.13,6.0,11.0,11.428571428571429,0,0,0,0,1,0
2024-06-20,155,8,18.91,51.23,3,0,21.68,expert,19.41,6.0,20.0,19.375,2,0,0,1,0,0
2024-02-24,308,10,22.79,51.96,5,1,15.85,intermediate,43.21,2.0,24.0,30.8,1,0,0,1,0,0
2024-09-04,357,11,19.95,29.8,2,0,30.74,expert,43.37,9.0,4.0,32.45454545454545,2,0,1,0,0,0
2024-09-12,258,5,27.45,45.87,3,0,29.95,intermediate,36.49,9.0,12.0,51.6,1,1,0,0,0,0
2024-07-13,245,14,21.9,68.37,5,0,33.74,intermediate,35.67,7.0,13.0,17.5,1,1,0,0,0,0
2024-03-09,185,6,22.79,57.53,5,0,26.9,expert,33.63,3.0,9.0,30.833333333333332,2,0,0,0,1,0
2024-01-09,240,11,28.29,83.6,1,0,15.84,expert,32.06,1.0,9.0,21.818181818181817,2,0,0,0,0,1
2024-12-17,119,3,24.98,43.47,1,0,35.04,intermediate,34.72,12.0,17.0,39.666666666666664,1,0,0,0,1,0
2024-01-24,261,13,22.06,50.29,2,0,38.02,beginner,43.22,1.0,24.0,20.076923076923077,0,1,0,0,0,0
2024-06-01,199,5,21.9,69.4,5,0,36.88,expert,36.69,6.0,1.0,39.8,2,1,0,0,0,0
2024-12-25,296,13,23.63,43.17,2,0,37.26,intermediate,43.95,12.0,25.0,22.76923076923077,1,0,0,1,0,0
2024-07-21,246,8,19.61,73.66,6,0,45.32,expert,45.09,7.0,21.0,30.75,2,0,1,0,0,0
2024-07-10,358,12,28.81,54.51,2,0,30.74,beginner,35.99,7.0,10.0,29.833333333333332,0,0,1,0,0,0
2024-01-10,179,7,20.77,66.66,2,1,24.86,intermediate,51.57,1.0,10.0,25.571428571428573,1,0,0,1,0,0
2024-10-17,334,8,27.93,80.89,3,0,30.74,beginner,53.74,10.0,17.0,41.75,0,0,0,0,1,0
2024-10-25,266,8,22.79,58.51,4,0,31.08,intermediate,45.52,10.0,25.0,33.25,1,0,0,1,0,0
2024-05-03,216,10,22.55,54.96,4,0,12.38,expert,23.86,5.0,3.0,21.6,2,0,0,0,0,1
2024-12-25,296,5,33.58,56.35,2,0,20.83,expert,32.93,12.0,25.0,59.2,2,0,0,0,0,1
2024-07-29,206,11,19.05,47.53,0,0,30.74,intermediate,32.65,7.0,29.0,18.727272727272727,1,0,0,0,0,1
2024-02-21,381,5,29.55,64.7,2,0,41.82,beginner,55.84,2.0,21.0,76.2,0,0,0,0,1,0
2024-01-25,286,9,22.67,46.18,3,0,31.71,beginner,46.97,1.0,25.0,31.77777777777778,0,0,1,0,0,0
2024-09-03,290,6,28.39,45.47,1,0,38.02,expert,54.83,9.0,3.0,48.333333333333336,2,0,0,0,1,0
2024-05-31,204,11,17.78,75.72,4,0,37.74,intermediate,45.59,5.0,31.0,18.545454545454547,1,0,1,0,0,0
2024-06-13,270,13,16.3,67.44,3,1,29.36,beginner,53.54,6.0,13.0,20.76923076923077,0,0,0,1,0,0
2024-07-31,314,9,20.29,53.32,2,0,25.5,intermediate,51.69,7.0,31.0,34.888888888888886,1,0,0,0,0,1
2024-04-11,208,5,19.06,83.0,3,0,21.92,expert,36.49,4.0,11.0,41.6,2,0,0,0,1,0
2024-02-16,345,8,24.24,58.29,4,0,31.09,intermediate,52.75,2.0,16.0,43.125,1,0,0,0,1,0
2024-12-06,327,8,22.79,68.41,4,0,32.99,intermediate,45.47,12.0,6.0,40.875,1,0,1,0,0,0
,193,8,24.41,45.28,4,0,18.43,expert,32.0,,,24.125,2,1,0,0,0,0
2024-12-13,293,12,22.51,41.88,4,1,29.25,expert,37.9,12.0,13.0,24.416666666666668,2,0,0,1,0,0
2024-08-25,256,15,15.92,57.41,6,0,39.63,beginner,46.44,8.0,25.0,17.066666666666666,0,0,1,0,0,0
2024-02-09,261,6,22.79,52.96,4,0,34.64,beginner,44.78,2.0,9.0,43.5,0,0,0,1,0,0
2024-11-03,234,5,11.11,45.87,6,1,33.7,intermediate,34.49,11.0,3.0,46.8,1,0,0,1,0,0
2024-09-20,371,5,29.0,73.07,4,1,30.74,intermediate,44.39,9.0,20.0,74.2,1,0,1,0,0,0
2024-09-17,214,8,14.35,74.32,1,1,37.47,intermediate,46.35,9.0,17.0,26.75,1,0,0,1,0,0
2024-07-25,337,7,27.2,65.43,3,0,20.38,intermediate,38.62,7.0,25.0,48.142857142857146,1,0,0,1,0,0
,249,10,27.3,63.88,3,0,32.86,expert,39.91,,,24.9,2,0,0,1,0,0
2024-07-10,237,9,22.39,51.29,2,0,43.75,intermediate,37.84,7.0,10.0,26.333333333333332,1,0,0,0,0,1
2024-11-06,264,8,22.79,58.9,2,0,42.5,intermediate,40.12,11.0,6.0,33.0,1,1,0,0,0,0
2024-05-11,318,5,23.3,28.25,5,0,38.76,intermediate,40.85,5.0,11.0,63.6,1,0,0,1,0,0
2024-07-30,245,4,26.07,61.27,1,0,34.83,beginner,46.87,7.0,30.0,61.25,0,0,1,0,0,0
2024-08-02,297,7,31.01,64.54,4,0,30.74,intermediate,38.29,8.0,2.0,42.42857142857143,1,0,0,1,0,0
2024-10-13,272,5,20.77,55.14,6,0,42.52,intermediate,48.02,10.0,13.0,54.4,1,0,0,1,0,0
2024-07-12,297,6,21.83,45.02,4,0,21.6,intermediate,36.84,7.0,12.0,49.5,1,0,0,0,0,1
2024-12-24,337,10,22.79,56.29,1,0,33.38,intermediate,39.67,12.0,24.0,33.7,1,0,0,1,0,0
2024-05-03,362,10,24.11,54.9,4,0,45.09,intermediate,52.0,5.0,3.0,36.2,1,1,0,0,0,0
2024-06-09,261,13,18.23,75.03,6,0,44.66,beginner,48.1,6.0,9.0,20.076923076923077,0,0,0,1,0,0
2024-12-21,203,8,22.79,57.22,5,0,25.45,intermediate,35.27,12.0,21.0,25.375,1,1,0,0,0,0
2024-07-07,309,10,28.79,56.74,6,0,44.41,intermediate,52.12,7.0,7.0,30.9,1,0,0,1,0,0
2024-02-09,338,7,23.98,57.55,4,0,44.39,intermediate,60.81,2.0,9.0,48.285714285714285,1,0,0,0,1,0
2024-06-27,261,10,26.7,53.14,3,0,29.49,intermediate,55.09,6.0,27.0,26.1,1,1,0,0,0,0
2024-09-18,337,14,14.33,58.53,2,0,31.51,expert,46.9,9.0,18.0,24.071428571428573,2,0,0,0,1,0
2024-12-12,273,12,20.79,71.52,3,0,24.79,beginner,42.28,12.0,12.0,22.75,0,0,1,0,0,0
2024-02-18,364,8,22.64,69.26,6,0,26.0,beginner,49.41,2.0,18.0,45.5,0,0,0,1,0,0
2024-08-02,293,7,26.88,46.17,4,0,19.05,expert,44.26,8.0,2.0,41.857142857142854,2,1,0,0,0,0
2024-04-25,144,12,14.42,67.4,3,1,27.83,expert,35.0,4.0,25.0,12.0,2,1,0,0,0,0
2024-01-02,189,7,25.51,77.71,1,1,30.74,intermediate,46.34,1.0,2.0,27.0,1,0,0,0,0,1
2024-08-12,270,10,22.79,54.24,0,0,39.68,expert,44.11,8.0,12.0,27.0,2,0,0,0,1,0
2024-11-07,302,9,23.86,56.32,3,0,35.58,intermediate,48.47,11.0,7.0,33.55555555555556,1,1,0,0,0,0
2024-12-02,143,10,30.33,56.44,0,0,43.63,beginner,42.66,12.0,2.0,14.3,0,1,0,0,0,0
2024-08-15,362,9,25.82,67.32,3,0,36.9,expert,49.44,8.0,15.0,40.22222222222222,2,0,1,0,0,0
2024-07-18,178,5,18.47,59.48,3,0,27.29,intermediate,35.39,7.0,18.0,35.6,1,0,0,0,1,0
2024-02-17,289,7,26.61,87.13,5,0,30.59,beginner,47.53,2.0,17.0,41.285714285714285,0,0,0,0,1,0
2024-12-03,229,11,22.79,36.17,1,0,42.13,expert,47.96,12.0,3.0,20.818181818181817,2,0,0,0,1,0
2024-08-07,220,6,16.58,60.75,2,0,32.81,intermediate,37.48,8.0,7.0,36.666666666666664,1,0,0,0,1,0
2024-12-11,305,8,19.11,65.59,2,0,35.1,intermediate,44.21,12.0,11.0,38.125,1,0,0,0,0,1
2024-10-11,288,10,20.29,54.77,4,0,45.76,beginner,50.86,10.0,11.0,28.8,0,0,1,0,0,0
2024-01-31,246,8,20.68,78.09,2,0,43.58,intermediate,49.02,1.0,31.0,30.75,1,0,0,0,1,0
2024-02-09,204,7,29.93,77.46,4,0,21.99,beginner,47.04,2.0,9.0,29.142857142857142,0,0,0,0,1,0
,368,11,29.16,39.68,2,0,29.27,intermediate,40.37,,,33.45454545454545,1,0,0,0,1,0
2024-08-30,251,12,24.16,48.23,4,0,30.34,beginner,47.88,8.0,30.0,20.916666666666668,0,0,0,0,0,1
2024-12-22,320,10,24.7,75.49,6,0,30.74,expert,45.33,12.0,22.0,32.0,2,0,1,0,0,0
2024-02-21,332,7,22.79,40.64,2,0,15.81,expert,33.04,2.0,21.0,47.42857142857143,2,0,0,0,0,1
2024-11-05,332,9,22.79,82.21,1,0,17.46,expert,36.01,11.0,5.0,36.888888888888886,2,0,0,0,1,0
2024-04-30,282,9,18.65,51.72,1,0,26.76,beginner,50.31,4.0,30.0,31.333333333333332,0,1,0,0,0,0
2024-05-15,245,8,22.5,56.1,2,0,26.15,intermediate,34.63,5.0,15.0,30.625,1,0,0,0,1,0
2024-09-23,261,14,24.95,41.17,0,0,27.25,intermediate,42.51,9.0,23.0,18.642857142857142,1,0,1,0,0,0
2024-12-05,142,8,26.73,64.89,3,0,30.36,expert,29.58,12.0,5.0,17.75,2,0,0,0,0,1
2024-02-01,259,8,31.93,55.6,3,0,30.35,intermediate,50.61,2.0,1.0,32.375,1,1,0,0,0,0
2024-05-15,288,6,19.51,73.43,2,0,40.68,intermediate,60.12,5.0,15.0,48.0,1,0,0,0,1,0
2024-03-05,352,9,32.72,71.58,1,1,44.24,expert,57.14,3.0,5.0,39.111111111111114,2,0,1,0,0,0
2024-11-06,189,6,21.39,57.64,2,0,28.33,intermediate,31.8,11.0,6.0,31.5,1,0,1,0,0,0
2024-01-19,238,9,20.84,43.8,4,0,27.76,expert,43.53,1.0,19.0,26.444444444444443,2,0,0,0,1,0
2024-04-08,231,6,20.84,49.35,0,0,26.57,expert,28.09,4.0,8.0,38.5,2,1,0,0,0,0
2024-05-30,239,9,17.52,44.98,3,0,31.73,expert,35.1,5.0,30.0,26.555555555555557,2,0,0,0,1,0
2024-01-19,317,6,20.03,71.41,4,0,29.17,intermediate,38.58,1.0,19.0,52.833333333333336,1,0,1,0,0,0
2024-06-09,239,12,27.84,75.11,6,0,29.94,beginner,40.43,6.0,9.0,19.916666666666668,0,0,0,0,0,1
2024-09-23,334,8,33.99,47.27,0,0,31.45,expert,40.87,9.0,23.0,41.75,2,0,0,0,0,1
2024-01-17,176,10,22.21,53.88,2,0,38.7,expert,34.96,1.0,17.0,17.6,2,0,0,1,0,0
2024-12-19,125,8,32.45,78.66,3,1,49.36,beginner,42.99,12.0,19.0,15.625,0,0,1,0,0,0
2024-04-01,258,8,19.6,47.06,0,0,31.5,beginner,46.54,4.0,1.0,32.25,0,0,0,0,1,0
2024-08-07,323,8,28.3,71.58,2,0,38.34,intermediate,49.49,8.0,7.0,40.375,1,0,0,0,1,0
2024-05-06,206,5,28.21,65.7,0,1,30.74,beginner,38.2,5.0,6.0,41.2,0,0,0,0,1,0
2024-12-16,132,5,17.5,67.74,0,0,23.96,expert,27.18,12.0,16.0,26.4,2,0,0,0,0,1
2024-01-14,238,11,25.1,51.28,6,1,42.79,expert,48.76,1.0,14.0,21.636363636363637,2,0,0,1,0,0
2024-04-23,268,7,25.0,64.73,1,0,22.74,expert,31.88,4.0,23.0,38.285714285714285,2,0,0,1,0,0
2024-02-03,184,10,22.11,78.51,5,0,25.43,expert,27.87,2.0,3.0,18.4,2,1,0,0,0,0
2024-03-11,386,6,17.76,65.0,0,0,25.85,expert,54.49,3.0,11.0,64.33333333333333,2,0,0,0,1,0
2024-01-03,261,4,22.86,46.08,2,0,30.74,expert,39.66,1.0,3.0,65.25,2,1,0,0,0,0
2024-10-17,252,11,33.6,58.24,3,1,44.57,intermediate,54.27,10.0,17.0,22.90909090909091,1,1,0,0,0,0
2024-10-28,280,11,24.88,67.33,0,0,42.78,beginner,50.91,10.0,28.0,25.454545454545453,0,1,0,0,0,0
2024-07-12,315,6,24.99,37.47,4,0,36.77,beginner,50.01,7.0,12.0,52.5,0,1,0,0,0,0
2024-08-29,261,13,23.31,60.04,3,1,40.09,expert,46.34,8.0,29.0,20.076923076923077,2,0,0,1,0,0
2024-01-09,371,6,17.83,29.75,1,0,26.2,beginner,42.77,1.0,9.0,61.833333333333336,0,0,0,0,0,1
2024-12-19,265,7,29.91,63.35,3,0,21.08,intermediate,48.05,12.0,19.0,37.857142857142854,1,0,0,1,0,0
2024-09-07,291,9,25.89,55.9,5,0,27.84,beginner,47.88,9.0,7.0,32.333333333333336,0,1,0,0,0,0
2024-07-13,287,10,23.16,50.11,5,0,36.75,intermediate,37.28,7.0,13.0,28.7,1,0,1,0,0,0
2024-02-23,166,8,22.39,52.53,4,0,28.36,intermediate,45.06,2.0,23.0,20.75,1,0,0,0,1,0
2024-05-28,172,8,29.18,62.55,1,0,38.54,expert,51.6,5.0,28.0,21.5,2,1,0,0,0,0
2024-06-23,292,11,22.79,54.64,6,0,26.3,beginner,36.74,6.0,23.0,26.545454545454547,0,0,0,0,0,1
2024-09-30,200,10,15.91,53.44,0,1,44.23,beginner,49.59,9.0,30.0,20.0,0,0,0,0,0,1
2024-05-12,263,4,25.69,72.66,6,0,45.52,intermediate,49.42,5.0,12.0,65.75,1,0,0,0,1,0
2024-05-06,261,8,33.33,50.03,0,0,20.49,beginner,37.09,5.0,6.0,32.625,0,0,0,1,0,0
2024-08-09,302,4,22.79,51.58,4,0,30.13,intermediate,48.2,8.0,9.0,75.5,1,0,0,0,1,0
2024-02-22,124,7,25.5,39.99,3,1,25.73,intermediate,29.24,2.0,22.0,17.714285714285715,1,0,0,1,0,0
2024-12-19,327,9,29.76,68.9,3,0,26.26,intermediate,43.9,12.0,19.0,36.333333333333336,1,0,0,0,0,1
2024-08-26,322,6,20.05,87.37,0,0,13.08,expert,41.54,8.0,26.0,53.666666666666664,2,0,0,0,1,0
2024-04-02,261,9,20.64,56.36,1,1,18.7,beginner,33.6,4.0,2.0,29.0,0,0,0,0,0,1
2024-11-09,278,11,20.95,66.07,5,0,23.95,intermediate,39.27,11.0,9.0,25.272727272727273,1,0,0,0,1,0
2024-06-27,146,3,15.23,60.13,3,1,35.73,intermediate,39.54,6.0,27.0,48.666666666666664,1,0,0,0,0,1
2024-07-27,298,16,19.93,62.26,5,0,35.9,intermediate,42.74,7.0,27.0,18.625,1,0,1,0,0,0
2024-08-30,190,6,17.47,48.31,4,0,25.29,intermediate,30.72,8.0,30.0,31.666666666666668,1,0,1,0,0,0
2024-06-21,288,8,28.83,63.11,4,0,19.41,intermediate,32.03,6.0,21.0,36.0,1,0,0,0,0,1
2024-09-26,258,10,15.52,59.75,3,0,44.68,beginner,60.63,9.0,26.0,25.8,0,1,0,0,0,0
2024-06-12,331,10,23.34,61.88,2,0,16.03,intermediate,32.69,6.0,12.0,33.1,1,0,1,0,0,0
2024-03-11,176,3,22.79,55.02,0,0,22.51,expert,23.37,3.0,11.0,58.666666666666664,2,1,0,0,0,0
2024-08-31,191,7,15.51,57.05,5,0,37.45,intermediate,34.42,8.0,31.0,27.285714285714285,1,1,0,0,0,0
2024-09-25,300,9,19.62,53.54,2,0,36.79,beginner,45.36,9.0,25.0,33.333333333333336,0,0,1,0,0,0
2024-07-04,226,11,24.0,62.48,3,0,32.55,intermediate,32.56,7.0,4.0,20.545454545454547,1,0,0,0,0,1
2024-11-27,253,8,14.74,51.29,2,0,28.59,intermediate,44.05,11.0,27.0,31.625,1,0,0,0,1,0
2024-11-26,261,11,23.91,48.72,1,0,32.74,intermediate,27.27,11.0,26.0,23.727272727272727,1,1,0,0,0,0
2024-05-25,154,9,25.28,60.02,5,0,29.33,intermediate,32.76,5.0,25.0,17.11111111111111,1,0,0,1,0,0
2024-12-01,285,7,14.86,68.77,6,1,39.48,beginner,63.12,12.0,1.0,40.714285714285715,0,0,0,0,1,0
2024-03-04,379,9,26.94,63.89,0,1,28.62,intermediate,53.34,3.0,4.0,42.111111111111114,1,0,0,0,1,0
2024-02-08,306,10,19.39,66.41,3,0,39.64,beginner,51.09,2.0,8.0,30.6,0,0,0,0,1,0
2024-01-20,298,10,17.71,54.85,5,0,27.13,intermediate,49.87,1.0,20.0,29.8,1,1,0,0,0,0
2024-09-11,138,10,25.34,41.53,2,1,35.07,expert,44.02,9.0,11.0,13.8,2,0,0,0,1,0
2024-07-14,350,12,30.04,54.66,6,0,11.29,expert,28.23,7.0,14.0,29.166666666666668,2,0,0,1,0,0
2024-09-12,355,6,27.96,48.38,3,0,34.58,intermediate,45.38,9.0,12.0,59.166666666666664,1,0,0,1,0,0
2024-08-14,261,6,17.19,58.31,2,0,20.69,expert,29.35,8.0,14.0,43.5,2,0,0,1,0,0
2024-05-01,207,9,23.04,70.15,2,0,29.22,expert,41.16,5.0,1.0,23.0,2,0,0,1,0,0
2024-10-06,110,6,24.43,66.3,6,0,26.47,beginner,38.89,10.0,6.0,18.333333333333332,0,0,0,1,0,0
2024-08-18,316,8,16.42,75.27,6,0,36.17,intermediate,52.89,8.0,18.0,39.5,1,0,0,0,1,0
2024-04-24,218,10,15.85,51.14,2,0,32.88,expert,31.96,4.0,24.0,21.8,2,0,0,0,0,1
2024-10-12,269,3,21.77,65.08,5,0,23.9,intermediate,38.39,10.0,12.0,89.66666666666667,1,0,0,1,0,0
2024-06-17,195,7,31.66,55.57,0,0,38.96,beginner,42.13,6.0,17.0,27.857142857142858,0,0,1,0,0,0
2024-10-04,345,6,16.42,60.46,4,1,17.15,beginner,41.58,10.0,4.0,57.5,0,0,0,1,0,0
2024-09-07,257,11,17.96,40.94,5,1,31.53,intermediate,41.03,9.0,7.0,23.363636363636363,1,1,0,0,0,0
2024-08-30,224,10,19.2,35.73,4,0,35.78,intermediate,46.14,8.0,30.0,22.4,1,1,0,0,0,0
,191,5,19.57,63.88,0,0,23.64,intermediate,30.2,,,38.2,1,0,0,0,0,1
2024-08-10,160,6,20.87,60.52,5,1,31.99,beginner,51.19,8.0,10.0,26.666666666666668,0,0,0,0,1,0
2024-11-22,265,9,21.15,45.34,4,0,28.25,expert,38.91,11.0,22.0,29.444444444444443,2,0,0,0,0,1
2024-04-25,236,9,21.56,70.77,3,0,10.82,beginner,28.48,4.0,25.0,26.22222222222222,0,0,1,0,0,0
2024-12-01,257,9,23.13,76.85,6,0,30.65,expert,31.74,12.0,1.0,28.555555555555557,2,0,0,0,0,1
2024-04-06,243,8,15.83,70.08,5,0,35.49,intermediate,47.83,4.0,6.0,30.375,1,1,0,0,0,0
2024-07-01,240,8,22.56,72.75,0,1,29.73,beginner,46.53,7.0,1.0,30.0,0,1,0,0,0,0
2024-01-30,80,8,28.26,58.09,1,0,20.34,intermediate,26.58,1.0,30.0,10.0,1,0,1,0,0,0
2024-07-12,304,8,17.05,62.97,4,0,22.37,intermediate,48.09,7.0,12.0,38.0,1,0,1,0,0,0
2024-09-28,265,8,22.64,52.72,5,0,20.77,beginner,26.95,9.0,28.0,33.125,0,0,0,0,0,1
2024-09-23,432,9,19.89,47.06,0,1,37.21,beginner,48.35,9.0,23.0,48.0,0,0,0,0,0,1
2024-01-02,212,8,22.79,62.25,1,0,37.88,intermediate,45.11,1.0,2.0,26.5,1,0,0,0,1,0
2024-01-28,159,5,21.07,62.09,6,0,36.89,expert,38.08,1.0,28.0,31.8,2,0,0,0,1,0
2024-11-04,233,7,24.62,46.41,0,0,17.03,expert,27.23,11.0,4.0,33.285714285714285,2,1,0,0,0,0
2024-10-19,297,8,19.44,58.27,5,0,23.57,intermediate,40.54,10.0,19.0,37.125,1,0,0,1,0,0
2024-04-01,232,6,23.07,52.55,0,0,36.91,intermediate,43.12,4.0,1.0,38.666666666666664,1,0,1,0,0,0
,232,7,24.97,57.35,1,0,31.07,expert,33.93,,,33.142857142857146,2,0,1,0,0,0
2024-04-07,309,9,20.65,48.75,6,1,24.26,expert,39.01,4.0,7.0,34.333333333333336,2,0,0,1,0,0
2024-11-16,178,8,21.31,57.57,5,0,30.4,intermediate,25.61,11.0,16.0,22.25,1,0,0,0,0,1
2024-10-11,309,11,29.26,71.83,4,0,24.2,intermediate,50.46,10.0,11.0,28.09090909090909,1,1,0,0,0,0
2024-09-26,417,6,24.29,53.26,3,0,46.77,intermediate,48.16,9.0,26.0,69.5,1,0,0,1,0,0
2024-10-03,173,6,20.96,45.64,3,1,33.09,expert,38.2,10.0,3.0,28.833333333333332,2,0,0,1,0,0
2024-10-08,169,10,22.79,56.3,1,0,30.57,expert,33.15,10.0,8.0,16.9,2,1,0,0,0,0
2024-05-05,368,6,21.42,65.35,6,0,33.99,expert,48.43,5.0,5.0,61.333333333333336,2,1,0,0,0,0
2024-10-18,254,3,27.24,44.06,4,1,45.62,intermediate,61.08,10.0,18.0,84.66666666666667,1,0,0,1,0,0
2024-05-07,223,8,27.1,54.33,1,1,30.74,expert,34.75,5.0,7.0,27.875,2,0,0,1,0,0
2024-06-08,179,6,22.79,48.29,5,0,35.33,intermediate,41.67,6.0,8.0,29.833333333333332,1,0,0,1,0,0
2024-07-04,226,11,24.19,62.48,3,0,32.55,intermediate,32.56,7.0,4.0,20.545454545454547,1,0,0,0,0,1
2024-11-25,261,6,22.79,44.08,0,0,24.06,expert,42.53,11.0,25.0,43.5,2,0,0,0,1,0
2024-10-11,377,4,22.79,62.79,4,1,41.01,expert,58.39,10.0,11.0,94.25,2,0,0,0,1,0
,185,10,14.74,55.19,2,0,29.38,intermediate,44.64,,,18.5,1,1,0,0,0,0
2024-10-20,231,8,32.97,47.85,6,1,29.8,intermediate,49.44,10.0,20.0,28.875,1,0,0,1,0,0
2024-08-03,335,7,19.14,44.31,5,0,28.43,expert,39.51,8.0,3.0,47.857142857142854,2,0,1,0,0,0
2024-02-07,305,9,18.62,74.5,2,0,30.12,beginner,49.14,2.0,7.0,33.888888888888886,0,0,0,1,0,0
2024-08-12,244,9,26.83,78.49,0,1,29.4,intermediate,40.72,8.0,12.0,27.11111111111111,1,0,0,0,0,1
2024-08-31,349,11,16.88,49.37,5,0,38.25,intermediate,48.74,8.0,31.0,31.727272727272727,1,0,1,0,0,0
2024-12-01,278,8,32.54,38.99,6,1,36.09,intermediate,51.86,12.0,1.0,34.75,1,0,1,0,0,0
2024-02-17,218,6,18.81,65.21,5,1,29.31,intermediate,32.81,2.0,17.0,36.333333333333336,1,0,1,0,0,0
2024-07-17,350,10,21.82,59.07,2,0,30.74,intermediate,58.83,7.0,17.0,35.0,1,0,0,0,1,0
2024-08-30,371,9,12.8,50.66,4,1,35.66,expert,47.16,8.0,30.0,41.22222222222222,2,1,0,0,0,0
2024-08-02,261,6,20.78,59.72,4,0,30.74,intermediate,29.07,8.0,2.0,43.5,1,1,0,0,0,0
2024-05-08,261,11,28.4,49.02,2,0,27.63,expert,40.47,5.0,8.0,23.727272727272727,2,0,0,0,1,0
,294,7,29.28,42.79,6,0,37.83,intermediate,50.29,,,42.0,1,0,0,1,0,0
2024-08-12,244,9,26.54,78.49,0,1,29.4,intermediate,40.72,8.0,12.0,27.11111111111111,1,0,0,0,0,1
2024-07-17,350,10,21.87,59.07,2,0,30.74,intermediate,58.83,7.0,17.0,35.0,1,0,0,0,1,0
2024-12-03,117,12,26.04,62.63,1,0,38.92,beginner,38.39,12.0,3.0,9.75,0,0,0,1,0,0
2024-01-02,345,7,25.82,78.28,1,1,24.56,beginner,50.11,1.0,2.0,49.285714285714285,0,0,0,0,0,1
2024-06-16,261,9,22.79,54.56,6,0,14.92,intermediate,43.5,6.0,16.0,29.0,1,1,0,0,0,0
2024-10-30,256,7,19.64,53.83,2,0,29.68,beginner,44.54,10.0,30.0,36.57142857142857,0,1,0,0,0,0
2024-04-24,152,10,11.8,79.7,2,0,28.22,intermediate,34.48,4.0,24.0,15.2,1,0,1,0,0,0
2024-01-19,272,9,23.89,66.63,4,0,30.74,intermediate,35.62,1.0,19.0,30.22222222222222,1,0,0,0,1,0
2024-07-25,192,10,26.64,46.51,3,1,36.25,intermediate,39.24,7.0,25.0,19.2,1,0,0,0,0,1
2024-10-08,276,3,16.47,77.74,1,0,28.91,beginner,43.48,10.0,8.0,92.0,0,0,0,1,0,0
2024-01-25,342,7,31.92,60.63,3,1,22.72,expert,47.0,1.0,25.0,48.857142857142854,2,0,0,1,0,0
2024-02-08,133,8,24.5,64.53,3,0,35.36,expert,39.3,2.0,8.0,16.625,2,1,0,0,0,0
2024-04-15,80,8,22.4,39.9,0,0,30.76,intermediate,17.5,4.0,15.0,10.0,1,0,1,0,0,0
2024-08-29,185,6,19.66,61.23,3,1,33.37,beginner,48.71,8.0,29.0,30.833333333333332,0,0,0,0,1,0
2024-08-12,312,7,22.84,65.23,0,0,27.67,beginner,39.99,8.0,12.0,44.57142857142857,0,0,1,0,0,0
2024-12-25,192,10,24.77,57.9,2,0,29.23,intermediate,44.02,12.0,25.0,19.2,1,0,0,0,0,1
2024-02-13,208,9,27.43,64.56,1,0,21.81,beginner,33.23,2.0,13.0,23.11111111111111,0,0,1,0,0,0
2024-08-19,251,5,26.08,67.83,0,0,9.99,beginner,33.17,8.0,19.0,50.2,0,1,0,0,0,0
2024-04-25,279,9,21.26,48.71,3,0,30.44,beginner,50.43,4.0,25.0,31.0,0,0,0,0,1,0
2024-09-30,211,10,13.89,61.98,0,0,28.96,expert,35.24,9.0,30.0,21.1,2,0,0,0,0,1
2024-04-08,253,7,22.22,58.12,0,0,21.48,beginner,39.9,4.0,8.0,36.142857142857146,0,1,0,0,0,0
2024-01-16,296,11,25.9,46.96,1,0,21.69,intermediate,46.06,1.0,16.0,26.90909090909091,1,0,0,0,1,0
2024-02-05,250,13,18.84,59.62,0,1,28.24,intermediate,48.66,2.0,5.0,19.23076923076923,1,0,0,1,0,0
2024-06-28,246,6,23.36,54.53,4,0,33.44,expert,31.08,6.0,28.0,41.0,2,1,0,0,0,0
2024-07-08,229,10,22.9,59.9,0,0,43.22,beginner,51.94,7.0,8.0,22.9,0,0,0,0,1,0
,307,8,19.89,67.55,2,0,28.5,beginner,45.13,,,38.375,0,0,0,0,0,1
2024-07-27,232,9,25.35,43.3,5,1,30.74,beginner,51.06,7.0,27.0,25.77777777777778,0,0,0,0,1,0
2024-08-30,251,12,24.52,48.23,4,0,30.34,beginner,47.88,8.0,30.0,20.916666666666668,0,0,0,0,0,1
2024-02-03,261,11,21.02,47.85,5,0,50.63,intermediate,50.26,2.0,3.0,23.727272727272727,1,1,0,0,0,0
2024-02-22,124,7,25.44,39.99,3,1,25.73,intermediate,29.24,2.0,22.0,17.714285714285715,1,0,0,1,0,0
2024-01-04,261,9,18.73,80.97,3,1,25.04,beginner,47.5,1.0,4.0,29.0,0,0,0,1,0,0
2024-01-16,263,8,22.79,70.02,1,0,30.74,expert,39.08,1.0,16.0,32.875,2,1,0,0,0,0
2024-03-07,261,11,19.36,65.21,3,0,16.94,beginner,40.25,3.0,7.0,23.727272727272727,0,0,0,0,0,1
2024-03-30,325,9,20.74,56.54,5,0,34.15,beginner,41.13,3.0,30.0,36.111111111111114,0,0,0,0,0,1
2024-06-15,326,9,21.48,42.04,5,0,38.11,expert,40.98,6.0,15.0,36.22222222222222,2,0,0,0,1,0
2024-06-16,261,8,22.79,78.25,6,0,36.1,beginner,37.74,6.0,16.0,32.625,0,0,0,0,0,1
2024-11-01,227,8,20.87,51.28,4,0,20.79,expert,33.74,11.0,1.0,28.375,2,0,0,0,1,0
2024-09-11,190,8,25.56,63.27,2,1,30.65,intermediate,44.4,9.0,11.0,23.75,1,0,0,0,0,1
2024-09-11,237,6,26.14,61.45,2,0,26.37,beginner,35.69,9.0,11.0,39.5,0,1,0,0,0,0
2024-05-20,367,6,25.61,61.88,0,0,30.74,expert,54.59,5.0,20.0,61.166666666666664,2,1,0,0,0,0
2024-08-06,271,12,18.19,55.01,1,0,24.91,intermediate,31.32,8.0,6.0,22.583333333333332,1,0,1,0,0,0
2024-01-18,344,12,15.05,69.68,3,1,24.95,beginner,42.03,1.0,18.0,28.666666666666668,0,0,0,0,0,1
2024-08-26,96,7,19.22,56.91,0,0,25.72,intermediate,23.7,8.0,26.0,13.714285714285714,1,1,0,0,0,0
2024-11-02,139,6,22.79,49.16,5,1,31.68,expert,29.81,11.0,2.0,23.166666666666668,2,1,0,0,0,0
2024-12-08,286,10,21.46,46.66,6,0,32.85,intermediate,47.73,12.0,8.0,28.6,1,0,0,1,0,0
2024-06-17,316,4,19.89,45.59,0,0,30.7,intermediate,42.6,6.0,17.0,79.0,1,0,1,0,0,0
2024-03-13,312,8,13.79,34.15,2,0,31.86,expert,36.24,3.0,13.0,39.0,2,0,0,1,0,0
2024-11-15,205,9,22.79,58.94,4,0,22.19,expert,37.17,11.0,15.0,22.77777777777778,2,0,0,0,0,1
2024-03-23,238,8,19.84,75.12,5,0,19.72,expert,27.97,3.0,23.0,29.75,2,0,1,0,0,0
2024-12-23,266,10,22.79,49.59,0,0,28.45,intermediate,35.73,12.0,23.0,26.6,1,0,0,1,0,0
2024-04-05,260,4,17.72,39.91,4,0,37.93,expert,40.14,4.0,5.0,65.0,2,0,0,0,0,1
2024-05-16,323,10,25.26,62.7,3,0,43.66,expert,43.07,5.0,16.0,32.3,2,0,0,0,0,1
2024-09-25,283,7,24.98,46.74,2,0,30.74,intermediate,46.57,9.0,25.0,40.42857142857143,1,0,0,1,0,0
2024-12-03,80,8,22.79,53.47,1,0,15.89,expert,19.25,12.0,3.0,10.0,2,0,0,0,0,1
2024-12-17,305,14,24.44,68.85,1,0,25.39,expert,35.22,12.0,17.0,21.785714285714285,2,0,0,1,0,0
2024-02-09,181,6,24.59,35.84,4,1,27.31,expert,25.9,2.0,9.0,30.166666666666668,2,0,1,0,0,0
2024-08-21,141,8,23.06,46.53,2,0,30.43,expert,29.64,8.0,21.0,17.625,2,0,1,0,0,0
2024-08-25,164,13,24.85,65.3,6,0,17.23,intermediate,25.61,8.0,25.0,12.615384615384615,1,0,0,1,0,0
2024-01-17,302,8,27.54,62.16,2,0,31.91,intermediate,47.16,1.0,17.0,37.75,1,0,0,1,0,0
2024-03-28,265,3,17.8,44.98,3,0,26.77,expert,44.23,3.0,28.0,88.33333333333333,2,0,0,0,1,0
2024-11-03,234,5,11.24,45.87,6,1,33.7,intermediate,34.49,11.0,3.0,46.8,1,0,0,1,0,0
2024-11-06,278,8,23.48,77.33,2,1,27.31,intermediate,48.16,11.0,6.0,34.75,1,0,0,1,0,0
2024-04-13,325,8,30.48,72.91,5,0,22.34,beginner,51.81,4.0,13.0,40.625,0,1,0,0,0,0
2024-03-26,229,7,31.32,79.78,1,0,41.5,expert,45.72,3.0,26.0,32.714285714285715,2,0,0,0,0,1
2024-01-23,301,11,17.78,79.85,1,0,27.96,intermediate,48.82,1.0,23.0,27.363636363636363,1,0,0,1,0,0
2024-05-01,283,7,32.91,58.89,2,0,38.27,beginner,53.71,5.0,1.0,40.42857142857143,0,0,1,0,0,0
2024-11-04,156,8,22.81,65.96,0,0,17.07,expert,19.88,11.0,4.0,19.5,2,0,0,0,1,0
2024-09-04,164,3,27.64,66.89,2,0,33.09,beginner,34.33,9.0,4.0,54.666666666666664,0,0,0,0,0,1
2024-05-04,261,7,17.51,57.31,5,0,28.5,expert,26.43,5.0,4.0,37.285714285714285,2,0,0,1,0,0
2024-08-29,113,3,25.01,68.77,3,1,14.61,expert,28.91,8.0,29.0,37.666666666666664,2,0,0,0,0,1
2024-01-10,185,8,19.27,54.35,2,0,25.75,intermediate,37.0,1.0,10.0,23.125,1,0,0,0,1,0
2024-04-22,173,5,29.2,68.04,0,0,38.9,intermediate,46.4,4.0,22.0,34.6,1,0,0,0,0,1
2024-10-14,248,7,25.76,50.54,0,1,30.74,expert,44.3,10.0,14.0,35.42857142857143,2,0,1,0,0,0
2024-04-29,273,11,23.87,79.13,0,0,15.0,expert,39.52,4.0,29.0,24.818181818181817,2,0,0,1,0,0
2024-02-15,205,6,21.54,51.77,3,0,34.86,expert,37.24,2.0,15.0,34.166666666666664,2,0,0,1,0,0
2024-11-11,426,9,18.54,84.76,0,0,24.23,beginner,47.73,11.0,11.0,47.333333333333336,0,0,0,1,0,0
2024-12-03,343,5,16.46,72.79,1,0,19.65,beginner,48.08,12.0,3.0,68.6,0,0,0,0,1,0
2024-10-11,253,9,28.98,61.0,4,0,33.91,expert,38.63,10.0,11.0,28.11111111111111,2,0,0,0,0,1
2024-07-01,145,9,24.61,72.26,0,0,33.64,beginner,36.66,7.0,1.0,16.11111111111111,0,0,0,0,1,0
,298,3,25.5,58.88,3,0,38.82,intermediate,48.67,,,99.33333333333333,1,0,0,0,1,0
2024-04-13,230,6,18.67,52.69,5,0,31.41,expert,37.63,4.0,13.0,38.333333333333336,2,0,1,0,0,0
2024-04-10,319,9,24.9,72.29,2,0,43.33,beginner,52.27,4.0,10.0,35.44444444444444,0,0,0,1,0,0
2024-01-31,318,10,19.9,47.53,2,0,42.76,intermediate,52.75,1.0,31.0,31.8,1,0,0,0,1,0
2024-09-13,80,7,17.56,54.22,4,0,33.46,beginner,32.35,9.0,13.0,11.428571428571429,0,0,0,0,0,1
2024-11-11,261,12,22.79,39.82,0,1,28.04,intermediate,35.62,11.0,11.0,21.75,1,0,0,0,0,1
2024-08-20,223,7,21.64,65.54,1,0,39.54,beginner,49.74,8.0,20.0,31.857142857142858,0,1,0,0,0,0
2024-06-18,253,8,17.45,59.75,1,0,22.96,expert,34.8,6.0,18.0,31.625,2,0,0,0,0,1
2024-12-27,180,9,18.88,74.09,4,0,25.82,intermediate,31.2,12.0,27.0,20.0,1,0,0,0,1,0
2024-09-26,210,11,21.5,75.39,3,0,36.88,beginner,48.45,9.0,26.0,19.09090909090909,0,0,0,0,0,1
2024-02-07,349,9,18.92,50.23,2,0,27.5,expert,39.18,2.0,7.0,38.77777777777778,2,1,0,0,0,0
2024-09-27,275,7,26.98,58.77,4,0,37.77,beginner,46.15,9.0,27.0,39.285714285714285,0,1,0,0,0,0
2024-07-27,329,9,16.05,68.75,5,0,39.01,intermediate,54.53,7.0,27.0,36.55555555555556,1,0,0,0,1,0
2024-03-09,237,11,21.52,73.14,5,1,12.83,intermediate,38.61,3.0,9.0,21.545454545454547,1,0,0,1,0,0
2024-03-07,403,6,17.86,47.9,3,0,30.1,expert,43.09,3.0,7.0,67.16666666666667,2,0,0,1,0,0
2024-10-11,199,7,19.79,64.82,4,0,35.58,intermediate,47.01,10.0,11.0,28.428571428571427,1,1,0,0,0,0
2024-12-07,154,10,16.67,63.45,5,1,26.31,expert,37.04,12.0,7.0,15.4,2,0,0,1,0,0
2024-08-25,252,5,22.79,56.32,6,0,24.68,intermediate,27.94,8.0,25.0,50.4,1,0,0,1,0,0
2024-01-15,226,10,20.71,49.77,0,0,29.93,beginner,42.79,1.0,15.0,22.6,0,1,0,0,0,0
2024-11-22,173,8,31.39,48.69,4,0,32.18,intermediate,31.94,11.0,22.0,21.625,1,0,1,0,0,0
,365,4,27.45,56.25,1,0,37.05,beginner,51.14,,,91.25,0,0,0,0,0,1
2024-06-01,218,7,20.76,69.76,5,0,30.47,intermediate,41.91,6.0,1.0,31.142857142857142,1,0,0,0,1,0
2024-11-02,220,6,19.88,34.7,5,0,29.38,expert,35.63,11.0,2.0,36.666666666666664,2,0,0,1,0,0
2024-10-20,261,8,27.11,53.78,6,0,27.69,expert,46.24,10.0,20.0,32.625,2,0,0,0,1,0
2024-02-15,268,7,20.2,55.93,3,0,21.09,intermediate,33.92,2.0,15.0,38.285714285714285,1,1,0,0,0,0
2024-04-20,121,6,27.68,44.95,5,1,26.08,intermediate,34.57,4.0,20.0,20.166666666666668,1,0,0,0,1,0
2024-11-01,80,9,24.68,51.25,4,0,20.64,beginner,33.84,11.0,1.0,8.88888888888889,0,0,0,0,0,1
2024-04-25,260,11,22.16,55.27,3,0,49.08,beginner,42.54,4.0,25.0,23.636363636363637,0,0,0,0,0,1
2024-01-31,274,5,21.02,62.72,2,0,31.16,beginner,51.31,1.0,31.0,54.8,0,0,0,0,1,0
,327,8,14.26,60.89,2,0,30.74,expert,42.77,,,40.875,2,0,0,1,0,0
2024-04-12,286,6,19.47,58.38,4,0,24.56,expert,35.68,4.0,12.0,47.666666666666664,2,0,0,0,1,0
2024-07-31,219,6,21.1,79.0,2,0,26.49,expert,30.26,7.0,31.0,36.5,2,0,0,1,0,0
2024-05-02,215,6,34.38,58.79,3,1,26.56,intermediate,37.46,5.0,2.0,35.833333333333336,1,0,0,0,0,1
2024-06-30,261,8,28.45,50.07,6,0,44.25,intermediate,54.04,6.0,30.0,32.625,1,0,0,0,1,0
2024-06-17,175,9,25.24,54.55,0,0,16.15,beginner,28.94,6.0,17.0,19.444444444444443,0,0,0,0,1,0
2024-05-20,280,6,28.11,48.26,0,0,29.28,intermediate,48.29,5.0,20.0,46.666666666666664,1,0,0,0,0,1
2024-02-13,222,9,25.94,57.48,1,0,32.89,intermediate,33.59,2.0,13.0,24.666666666666668,1,0,1,0,0,0
2024-12-12,261,10,19.75,70.12,3,0,34.8,expert,38.7,12.0,12.0,26.1,2,0,0,1,0,0
2024-12-06,277,7,20.18,44.86,4,0,33.36,intermediate,42.15,12.0,6.0,39.57142857142857,1,0,1,0,0,0
2024-09-14,80,10,17.37,64.71,5,0,26.38,intermediate,28.92,9.0,14.0,8.0,1,0,0,1,0,0
2024-09-25,80,10,24.56,53.65,2,0,42.1,intermediate,30.37,9.0,25.0,8.0,1,0,1,0,0,0
2024-04-08,294,6,19.92,57.19,0,0,22.06,expert,32.48,4.0,8.0,49.0,2,0,0,0,0,1
2024-10-30,224,9,27.79,66.34,2,0,35.22,beginner,45.17,10.0,30.0,24.88888888888889,0,1,0,0,0,0
2024-07-16,390,10,30.56,61.86,1,0,25.04,intermediate,42.21,7.0,16.0,39.0,1,0,0,0,0,1
2024-02-20,210,12,24.67,35.92,1,0,14.13,expert,24.73,2.0,20.0,17.5,2,1,0,0,0,0
2024-06-20,255,8,31.14,67.83,3,0,30.74,beginner,47.23,6.0,20.0,31.875,0,0,0,1,0,0
2024-06-12,155,8,17.38,80.91,2,1,33.97,intermediate,42.03,6.0,12.0,19.375,1,0,0,0,1,0
2024-03-28,169,3,18.05,63.15,3,0,31.06,intermediate,39.87,3.0,28.0,56.333333333333336,1,1,0,0,0,0
2024-11-27,377,8,21.77,52.78,2,0,30.97,expert,54.51,11.0,27.0,47.125,2,0,0,0,1,0
2024-02-21,324,7,23.4,58.27,2,0,30.1,intermediate,53.16,2.0,21.0,46.285714285714285,1,0,0,0,0,1
2024-02-29,236,10,22.79,35.54,3,0,52.17,expert,50.72,2.0,29.0,23.6,2,0,1,0,0,0
2024-03-04,214,8,24.25,66.62,0,0,27.32,expert,37.45,3.0,4.0,26.75,2,0,0,0,0,1
2024-10-13,261,5,21.38,55.83,6,0,30.74,beginner,51.89,10.0,13.0,52.2,0,0,0,0,1,0
2024-09-29,297,9,27.09,49.41,6,0,32.12,intermediate,41.98,9.0,29.0,33.0,1,1,0,0,0,0
2024-02-28,310,12,21.41,51.84,2,0,16.3,intermediate,34.02,2.0,28.0,25.833333333333332,1,0,0,1,0,0
2024-06-06,261,6,19.43,44.24,3,0,24.2,expert,32.22,6.0,6.0,43.5,2,0,1,0,0,0
2024-01-14,301,13,20.17,69.85,6,0,13.13,intermediate,42.63,1.0,14.0,23.153846153846153,1,0,0,0,1,0
2024-12-14,222,9,26.43,39.51,5,0,31.86,expert,43.13,12.0,14.0,24.666666666666668,2,0,0,0,1,0
2024-10-19,171,6,24.63,80.71,5,0,32.23,intermediate,31.27,10.0,19.0,28.5,1,0,1,0,0,0
2024-11-30,247,8,19.86,49.17,5,0,30.74,beginner,58.5,11.0,30.0,30.875,0,0,0,1,0,0
2024-09-01,277,9,21.99,48.2,6,0,30.74,intermediate,46.36,9.0,1.0,30.77777777777778,1,1,0,0,0,0
2024-12-28,277,9,18.88,57.01,5,1,44.38,intermediate,51.51,12.0,28.0,30.77777777777778,1,0,0,0,1,0
2024-01-18,158,7,27.14,48.77,3,0,27.86,intermediate,34.6,1.0,18.0,22.571428571428573,1,0,0,0,0,1
2024-02-08,198,3,16.92,77.25,3,0,31.83,intermediate,37.46,2.0,8.0,66.0,1,0,0,1,0,0
2024-04-12,284,5,16.85,52.06,4,0,30.74,expert,30.82,4.0,12.0,56.8,2,0,0,1,0,0
2024-12-13,210,6,23.91,67.94,4,1,30.74,beginner,41.94,12.0,13.0,35.0,0,0,0,1,0,0
2024-05-15,325,7,17.06,65.49,2,0,33.74,expert,41.2,5.0,15.0,46.42857142857143,2,0,0,0,0,1
2024-05-24,282,6,17.38,54.18,4,1,30.71,intermediate,51.96,5.0,24.0,47.0,1,0,0,0,0,1
2024-10-11,266,13,19.22,85.45,4,0,20.71,intermediate,42.94,10.0,11.0,20.46153846153846,1,0,0,0,0,1
2024-08-04,281,7,24.57,66.83,6,0,32.43,intermediate,58.69,8.0,4.0,40.142857142857146,1,0,0,0,1,0
2024-12-05,366,9,26.33,54.9,3,0,23.65,beginner,46.19,12.0,5.0,40.666666666666664,0,0,0,0,0,1
2024-12-24,186,12,16.93,51.98,1,0,38.78,beginner,35.74,12.0,24.0,15.5,0,0,0,0,0,1
2024-01-31,261,10,17.99,47.87,2,0,31.67,expert,37.17,1.0,31.0,26.1,2,0,0,1,0,0
2024-01-28,344,3,21.81,56.53,6,0,37.99,intermediate,48.94,1.0,28.0,114.66666666666667,1,0,0,1,0,0
2024-04-16,291,7,18.94,36.6,1,0,30.74,intermediate,32.01,4.0,16.0,41.57142857142857,1,0,0,1,0,0
2024-01-02,328,8,23.4,59.55,1,0,49.16,expert,54.98,1.0,2.0,41.0,2,0,0,0,1,0
2024-12-17,240,5,24.27,54.69,1,0,22.27,beginner,39.42,12.0,17.0,48.0,0,0,0,1,0,0
2024-12-27,260,10,19.98,53.85,4,1,29.38,intermediate,38.25,12.0,27.0,26.0,1,1,0,0,0,0
2024-09-24,173,8,14.64,71.11,1,1,28.94,expert,41.83,9.0,24.0,21.625,2,0,0,0,0,1
2024-07-17,410,7,18.41,55.74,2,1,32.87,intermediate,56.15,7.0,17.0,58.57142857142857,1,1,0,0,0,0
2024-07-11,294,9,19.32,68.41,3,0,31.46,beginner,46.97,7.0,11.0,32.666666666666664,0,0,0,0,1,0
,174,14,12.24,77.36,1,0,27.98,intermediate,30.07,,,12.428571428571429,1,1,0,0,0,0
2024-09-01,261,11,24.37,44.91,6,0,26.39,intermediate,36.44,9.0,1.0,23.727272727272727,1,0,0,0,0,1
2024-04-07,368,12,24.28,58.15,6,0,28.96,intermediate,44.14,4.0,7.0,30.666666666666668,1,0,0,0,1,0
2024-10-11,218,9,22.79,42.05,4,1,16.9,intermediate,24.24,10.0,11.0,24.22222222222222,1,0,0,1,0,0
2024-03-04,226,10,27.34,81.13,0,0,30.74,intermediate,43.87,3.0,4.0,22.6,1,1,0,0,0,0
2024-08-19,333,10,18.95,57.64,0,0,49.14,intermediate,50.59,8.0,19.0,33.3,1,0,0,0,0,1
2024-11-30,261,10,15.78,43.55,5,0,28.11,intermediate,40.34,11.0,30.0,26.1,1,1,0,0,0,0
2024-08-12,203,5,25.95,52.76,0,0,15.66,intermediate,29.28,8.0,12.0,40.6,1,0,1,0,0,0
2024-02-26,200,4,22.79,71.41,0,0,51.61,expert,57.83,2.0,26.0,50.0,2,0,0,0,1,0
2024-04-29,302,12,22.79,70.88,0,0,37.73,beginner,59.2,4.0,29.0,25.166666666666668,0,0,0,0,1,0
2024-01-02,259,11,31.37,56.35,1,0,30.62,beginner,45.25,1.0,2.0,23.545454545454547,0,0,0,0,1,0
2024-05-23,369,9,17.59,65.02,3,0,34.89,intermediate,58.08,5.0,23.0,41.0,1,0,0,0,1,0
2024-11-01,331,6,30.51,66.54,4,0,48.86,beginner,53.66,11.0,1.0,55.166666666666664,0,0,0,0,0,1
2024-08-13,226,9,25.11,74.93,1,0,33.1,intermediate,40.38,8.0,13.0,25.11111111111111,1,0,0,1,0,0
2024-07-03,252,8,16.49,54.99,2,0,33.58,intermediate,39.77,7.0,3.0,31.5,1,0,0,0,0,1
2024-02-21,244,8,21.75,40.88,2,0,34.16,expert,42.41,2.0,21.0,30.5,2,0,0,1,0,0
2024-03-11,303,8,14.93,38.56,0,0,30.41,expert,46.35,3.0,11.0,37.875,2,0,0,0,1,0
2024-02-01,347,11,21.78,38.28,3,0,29.08,intermediate,46.8,2.0,1.0,31.545454545454547,1,0,0,0,1,0
2024-04-20,253,5,18.12,68.13,5,0,36.3,intermediate,33.41,4.0,20.0,50.6,1,0,0,0,0,1
2024-09-07,267,10,29.14,88.86,5,0,41.98,beginner,57.56,9.0,7.0,26.7,0,0,0,0,0,1
2024-03-04,193,8,28.09,34.05,0,0,28.44,intermediate,31.66,3.0,4.0,24.125,1,0,0,0,1,0
2024-03-28,230,7,22.69,67.11,3,0,38.57,intermediate,35.94,3.0,28.0,32.857142857142854,1,0,1,0,0,0
2024-07-03,329,10,25.04,64.84,2,0,19.72,intermediate,36.4,7.0,3.0,32.9,1,0,0,0,1,0
2024-02-16,259,9,17.38,57.84,4,0,39.51,intermediate,50.62,2.0,16.0,28.77777777777778,1,1,0,0,0,0
2024-07-03,260,7,24.53,65.02,2,0,27.89,intermediate,41.87,7.0,3.0,37.142857142857146,1,0,0,0,1,0
2024-05-14,289,5,15.2,70.13,1,0,45.67,intermediate,58.6,5.0,14.0,57.8,1,1,0,0,0,0
2024-01-07,191,8,14.8,53.24,6,0,28.84,intermediate,36.14,1.0,7.0,23.875,1,1,0,0,0,0
2024-04-26,277,8,26.31,63.08,4,1,35.25,intermediate,44.49,4.0,26.0,34.625,1,0,1,0,0,0
2024-02-02,363,9,22.18,64.34,4,0,45.16,intermediate,52.95,2.0,2.0,40.333333333333336,1,0,0,1,0,0
2024-11-02,162,4,22.78,46.18,5,0,30.74,intermediate,31.12,11.0,2.0,40.5,1,0,0,1,0,0
2024-12-14,395,7,17.88,55.77,5,0,32.95,intermediate,55.28,12.0,14.0,56.42857142857143,1,0,0,0,0,1
2024-08-06,129,8,26.61,67.39,1,0,30.74,intermediate,30.9,8.0,6.0,16.125,1,0,1,0,0,0
2024-11-24,296,6,19.82,36.84,6,0,26.26,beginner,31.61,11.0,24.0,49.333333333333336,0,1,0,0,0,0
2024-09-29,372,4,25.79,69.06,6,0,46.06,beginner,52.0,9.0,29.0,93.0,0,0,1,0,0,0
2024-02-19,389,8,27.01,37.12,0,0,33.09,expert,47.68,2.0,19.0,48.625,2,0,0,1,0,0
2024-08-12,296,7,21.83,76.67,0,0,26.37,intermediate,43.13,8.0,12.0,42.285714285714285,1,0,1,0,0,0
2024-06-10,309,6,15.94,62.96,0,0,25.49,intermediate,43.88,6.0,10.0,51.5,1,0,0,0,0,1
2024-12-16,245,11,19.57,56.05,0,0,44.16,expert,41.89,12.0,16.0,22.272727272727273,2,1,0,0,0,0
2024-02-27,289,15,18.66,38.07,1,0,34.68,intermediate,37.0,2.0,27.0,19.266666666666666,1,0,1,0,0,0
2024-08-09,141,6,25.23,46.44,4,0,30.74,expert,27.88,8.0,9.0,23.5,2,0,0,0,1,0
2024-02-17,274,6,17.98,42.89,5,0,37.4,intermediate,45.0,2.0,17.0,45.666666666666664,1,0,1,0,0,0
2024-07-17,182,8,23.85,53.11,2,0,41.26,intermediate,36.04,7.0,17.0,22.75,1,1,0,0,0,0
2024-05-27,241,6,23.05,54.27,0,0,17.53,expert,30.14,5.0,27.0,40.166666666666664,2,0,0,0,0,1
2024-05-27,177,9,21.21,50.36,0,0,31.83,expert,28.98,5.0,27.0,19.666666666666668,2,0,0,1,0,0
2024-10-07,236,11,22.51,74.21,0,0,28.17,beginner,38.81,10.0,7.0,21.454545454545453,0,0,1,0,0,0
2024-10-03,308,6,26.8,68.84,3,0,35.07,intermediate,53.53,10.0,3.0,51.333333333333336,1,0,0,1,0,0
2024-12-02,267,7,28.65,54.43,0,0,30.74,beginner,43.11,12.0,2.0,38.142857142857146,0,0,0,0,1,0
2024-06-07,200,8,22.79,51.01,4,0,35.38,intermediate,35.47,6.0,7.0,25.0,1,0,0,0,1,0
2024-10-01,200,8,34.56,56.28,1,0,12.18,expert,31.8,10.0,1.0,25.0,2,0,0,0,1,0
2024-04-27,265,11,22.59,62.71,5,0,35.27,beginner,38.81,4.0,27.0,24.09090909090909,0,0,0,0,0,1
2024-10-21,261,6,24.81,62.83,0,0,31.27,beginner,34.53,10.0,21.0,43.5,0,0,0,1,0,0
2024-03-16,263,5,25.85,65.48,5,0,28.53,intermediate,42.09,3.0,16.0,52.6,1,0,0,0,1,0
2024-02-11,329,8,23.03,39.3,6,0,40.96,expert,40.35,2.0,11.0,41.125,2,0,1,0,0,0
2024-03-06,368,3,22.53,56.51,2,0,49.26,expert,58.63,3.0,6.0,122.66666666666667,2,0,0,0,1,0
2024-05-31,227,8,15.13,58.34,4,0,30.74,intermediate,43.07,5.0,31.0,28.375,1,1,0,0,0,0
2024-06-17,179,10,17.04,60.5,0,0,37.9,beginner,44.41,6.0,17.0,17.9,0,0,0,1,0,0
2024-05-20,225,9,22.99,44.96,0,0,26.82,intermediate,38.57,5.0,20.0,25.0,1,0,0,0,1,0
2024-01-23,267,10,22.79,62.07,1,0,15.63,intermediate,35.61,1.0,23.0,26.7,1,1,0,0,0,0
2024-11-17,309,8,15.02,70.91,6,0,30.74,intermediate,51.1,11.0,17.0,38.625,1,1,0,0,0,0
2024-06-26,202,11,27.33,54.79,2,0,26.47,intermediate,38.57,6.0,26.0,18.363636363636363,1,1,0,0,0,0
2024-10-05,206,8,22.73,41.17,5,0,39.0,intermediate,49.15,10.0,5.0,25.75,1,0,0,1,0,0
2024-11-02,287,4,12.5,60.78,5,0,36.01,intermediate,49.67,11.0,2.0,71.75,1,0,0,0,1,0
2024-02-04,352,6,14.18,61.84,6,0,20.12,intermediate,42.15,2.0,4.0,58.666666666666664,1,0,0,0,0,1
2024-12-16,261,14,21.74,51.71,0,1,19.71,intermediate,37.8,12.0,16.0,18.642857142857142,1,0,0,1,0,0
2024-09-28,290,5,20.35,71.76,5,1,34.21,expert,45.47,9.0,28.0,58.0,2,0,0,1,0,0
2024-08-17,180,9,32.45,57.47,5,0,15.98,expert,34.6,8.0,17.0,20.0,2,0,0,0,1,0
2024-02-20,305,8,18.47,49.37,1,0,30.74,intermediate,37.97,2.0,20.0,38.125,1,0,0,0,0,1
2024-02-21,188,8,22.11,62.05,2,0,31.03,beginner,42.14,2.0,21.0,23.5,0,1,0,0,0,0
,320,10,19.53,64.78,6,0,17.78,intermediate,41.38,,,32.0,1,1,0,0,0,0
2024-10-12,230,12,18.44,60.37,5,0,23.38,intermediate,29.14,10.0,12.0,19.166666666666668,1,0,0,0,0,1
2024-06-03,176,6,22.64,69.7,0,0,29.57,intermediate,28.93,6.0,3.0,29.333333333333332,1,0,1,0,0,0
2024-03-01,228,10,20.93,54.83,4,0,11.34,expert,34.27,3.0,1.0,22.8,2,1,0,0,0,0
2024-09-25,301,5,22.79,51.5,2,0,15.68,intermediate,44.06,9.0,25.0,60.2,1,0,0,0,0,1
2024-02-02,218,10,15.93,40.93,4,0,23.59,beginner,38.14,2.0,2.0,21.8,0,0,0,0,1,0
2024-10-16,295,13,24.64,66.05,2,0,49.09,expert,52.63,10.0,16.0,22.692307692307693,2,1,0,0,0,0
2024-03-11,275,8,29.49,87.35,0,1,21.33,intermediate,38.0,3.0,11.0,34.375,1,0,0,0,0,1
2024-07-15,222,9,18.28,50.3,0,0,23.61,intermediate,29.44,7.0,15.0,24.666666666666668,1,0,1,0,0,0
2024-10-19,286,11,26.8,40.61,5,0,34.77,intermediate,36.86,10.0,19.0,26.0,1,0,0,1,0,0
2024-05-06,115,11,20.96,52.85,0,0,33.14,intermediate,25.07,5.0,6.0,10.454545454545455,1,0,0,0,0,1
2024-09-05,305,10,22.08,59.79,3,1,25.99,beginner,46.61,9.0,5.0,30.5,0,1,0,0,0,0
2024-07-18,271,7,13.94,59.74,3,0,30.74,intermediate,45.02,7.0,18.0,38.714285714285715,1,0,0,0,0,1
2024-06-16,341,5,17.0,57.75,6,0,23.55,beginner,41.9,6.0,16.0,68.2,0,0,0,1,0,0
2024-10-16,287,9,21.11,73.73,2,0,34.31,beginner,50.96,10.0,16.0,31.88888888888889,0,1,0,0,0,0
2024-06-08,310,12,24.97,56.39,5,1,24.03,expert,42.19,6.0,8.0,25.833333333333332,2,0,0,1,0,0
2024-01-25,289,13,19.81,52.64,3,0,30.74,intermediate,40.08,1.0,25.0,22.23076923076923,1,0,0,0,0,1
2024-06-22,395,10,19.53,52.27,5,0,26.88,beginner,49.27,6.0,22.0,39.5,0,0,0,1,0,0
2024-09-20,282,10,29.19,71.94,4,0,22.77,intermediate,32.47,9.0,20.0,28.2,1,0,0,1,0,0
2024-04-13,131,8,31.03,54.33,5,0,39.3,expert,33.6,4.0,13.0,16.375,2,0,0,0,0,1
2024-01-06,103,8,18.11,81.02,5,0,30.74,intermediate,34.07,1.0,6.0,12.875,1,0,0,0,1,0
2024-03-25,196,7,22.25,78.04,0,0,39.34,expert,33.34,3.0,25.0,28.0,2,0,1,0,0,0
2024-01-08,306,4,23.03,46.15,0,0,24.98,intermediate,33.77,1.0,8.0,76.5,1,0,1,0,0,0
2024-10-02,330,6,22.26,51.61,2,1,30.74,intermediate,49.12,10.0,2.0,55.0,1,1,0,0,0,0
2024-05-29,195,6,25.69,46.1,2,0,41.3,expert,39.71,5.0,29.0,32.5,2,0,0,0,1,0
2024-12-05,287,11,12.21,40.2,3,0,38.02,expert,38.94,12.0,5.0,26.09090909090909,2,0,0,0,0,1
2024-01-14,354,4,19.51,54.82,6,0,35.76,expert,41.6,1.0,14.0,88.5,2,0,1,0,0,0
2024-11-13,298,9,22.48,52.18,2,0,25.05,expert,38.38,11.0,13.0,33.111111111111114,2,0,0,1,0,0
2024-11-29,252,9,25.83,58.87,4,0,23.67,intermediate,41.03,11.0,29.0,28.0,1,0,0,0,1,0
2024-01-18,100,7,29.41,71.5,3,1,40.82,intermediate,44.65,1.0,18.0,14.285714285714286,1,1,0,0,0,0
2024-11-12,319,8,17.04,90.0,1,0,29.55,beginner,35.39,11.0,12.0,39.875,0,0,0,0,0,1
2024-07-14,333,8,20.79,64.09,6,0,32.49,intermediate,50.89,7.0,14.0,41.625,1,0,0,1,0,0
2024-07-02,124,4,18.26,45.9,1,0,20.1,intermediate,27.01,7.0,2.0,31.0,1,0,0,1,0,0
2024-06-09,148,6,27.56,62.7,6,0,36.05,beginner,53.86,6.0,9.0,24.666666666666668,0,0,0,1,0,0
2024-04-28,181,12,21.27,57.3,6,0,36.78,expert,29.27,4.0,28.0,15.083333333333334,2,0,1,0,0,0
2024-08-05,287,7,21.16,74.45,0,0,30.74,intermediate,37.4,8.0,5.0,41.0,1,0,0,0,1,0
2024-02-09,333,9,22.24,62.45,4,0,20.44,beginner,41.15,2.0,9.0,37.0,0,0,0,1,0,0
2024-11-09,370,8,22.79,62.65,5,0,40.95,expert,56.64,11.0,9.0,46.25,2,0,0,0,0,1
2024-09-13,297,6,18.81,66.73,4,0,37.21,intermediate,50.8,9.0,13.0,49.5,1,1,0,0,0,0
2024-08-03,310,12,24.71,77.82,5,0,38.11,beginner,52.57,8.0,3.0,25.833333333333332,0,1,0,0,0,0
2024-02-10,247,5,23.94,50.27,5,1,16.22,intermediate,31.29,2.0,10.0,49.4,1,0,0,1,0,0
2024-08-18,293,9,14.07,60.87,6,1,24.95,intermediate,43.43,8.0,18.0,32.55555555555556,1,0,0,0,1,0
2024-03-12,320,7,20.67,50.85,1,0,30.79,beginner,45.66,3.0,12.0,45.714285714285715,0,0,0,0,0,1
2024-02-04,185,8,25.58,45.24,6,0,32.93,intermediate,33.33,2.0,4.0,23.125,1,1,0,0,0,0
2024-08-08,285,8,17.25,34.77,3,0,35.9,beginner,46.81,8.0,8.0,35.625,0,0,0,0,1,0
2024-08-20,276,12,28.62,57.74,1,1,37.74,beginner,52.79,8.0,20.0,23.0,0,1,0,0,0,0
2024-12-17,325,7,22.79,55.18,1,1,30.74,intermediate,45.68,12.0,17.0,46.42857142857143,1,0,1,0,0,0
2024-11-07,157,7,31.91,56.84,3,1,34.95,intermediate,45.44,11.0,7.0,22.428571428571427,1,0,0,0,1,0
2024-08-25,263,5,20.16,73.18,6,1,22.32,intermediate,38.24,8.0,25.0,52.6,1,0,1,0,0,0
2024-12-09,194,6,29.42,70.18,0,0,40.44,intermediate,43.22,12.0,9.0,32.333333333333336,1,0,0,0,0,1
2024-11-16,283,8,24.45,77.43,5,0,31.93,beginner,33.74,11.0,16.0,35.375,0,0,1,0,0,0
2024-12-12,253,4,22.09,64.63,3,1,29.47,intermediate,38.49,12.0,12.0,63.25,1,0,0,1,0,0
2024-10-31,261,10,28.48,41.27,3,0,27.02,beginner,27.01,10.0,31.0,26.1,0,1,0,0,0,0
2024-08-26,268,6,22.0,57.61,0,1,40.65,beginner,52.6,8.0,26.0,44.666666666666664,0,0,0,0,0,1
2024-06-07,308,9,23.88,56.83,4,0,32.52,intermediate,53.0,6.0,7.0,34.22222222222222,1,0,0,0,1,0
2024-09-25,378,11,25.75,55.74,2,0,22.94,intermediate,47.17,9.0,25.0,34.36363636363637,1,0,0,0,1,0
2024-03-30,220,8,19.38,62.29,5,0,17.97,expert,20.75,3.0,30.0,27.5,2,0,0,0,0,1
2024-02-18,241,7,25.67,54.83,6,0,44.47,beginner,50.55,2.0,18.0,34.42857142857143,0,1,0,0,0,0
2024-10-07,311,8,22.13,43.45,0,0,30.66,intermediate,42.3,10.0,7.0,38.875,1,0,0,0,0,1
2024-06-09,323,11,25.31,60.39,6,0,41.02,intermediate,45.0,6.0,9.0,29.363636363636363,1,1,0,0,0,0
2024-11-06,165,6,24.81,26.89,2,0,31.88,intermediate,38.01,11.0,6.0,27.5,1,0,0,1,0,0
2024-04-25,144,6,26.07,72.02,3,0,16.6,beginner,34.75,4.0,25.0,24.0,0,0,1,0,0,0
2024-06-01,261,12,30.1,71.55,5,0,30.74,intermediate,38.51,6.0,1.0,21.75,1,0,0,1,0,0
2024-04-26,288,8,32.22,71.32,4,0,17.26,expert,33.61,4.0,26.0,36.0,2,1,0,0,0,0
,279,8,15.5,58.79,3,0,32.0,expert,37.45,,,34.875,2,0,0,1,0,0
2024-12-20,127,13,22.61,54.14,4,0,28.07,beginner,39.11,12.0,20.0,9.76923076923077,0,0,0,0,1,0
2024-01-11,296,10,27.42,60.63,3,0,34.33,expert,49.73,1.0,11.0,29.6,2,0,0,0,1,0
2024-08-20,219,8,17.62,81.98,1,0,35.15,beginner,39.55,8.0,20.0,27.375,0,1,0,0,0,0
2024-07-30,261,7,13.15,57.59,1,0,39.43,beginner,42.67,7.0,30.0,37.285714285714285,0,1,0,0,0,0
2024-06-23,157,12,17.75,52.22,6,0,12.4,intermediate,22.47,6.0,23.0,13.083333333333334,1,0,0,0,1,0
2024-07-09,257,12,20.89,59.75,1,0,28.56,intermediate,40.09,7.0,9.0,21.416666666666668,1,0,0,0,1,0
2024-12-11,281,6,32.85,57.2,2,0,30.07,intermediate,43.49,12.0,11.0,46.833333333333336,1,0,0,1,0,0
2024-04-17,196,9,26.63,55.93,2,0,35.76,beginner,29.44,4.0,17.0,21.77777777777778,0,0,1,0,0,0
2024-11-26,263,10,21.35,46.66,1,0,32.4,expert,26.05,11.0,26.0,26.3,2,0,1,0,0,0
2024-08-06,242,7,25.74,75.41,1,0,22.1,expert,24.33,8.0,6.0,34.57142857142857,2,0,1,0,0,0
2024-02-07,188,6,22.06,62.92,2,0,26.45,expert,32.85,2.0,7.0,31.333333333333332,2,0,0,1,0,0
2024-10-12,267,9,22.79,70.66,5,0,21.96,intermediate,42.09,10.0,12.0,29.666666666666668,1,1,0,0,0,0
2024-09-18,294,11,26.78,61.78,2,0,26.69,beginner,35.29,9.0,18.0,26.727272727272727,0,0,0,1,0,0
2024-11-25,171,9,28.61,75.83,0,1,23.24,intermediate,26.36,11.0,25.0,19.0,1,0,0,1,0,0
2024-01-14,174,8,21.86,63.99,6,0,43.85,expert,50.27,1.0,14.0,21.75,2,0,0,1,0,0
2024-06-15,318,10,14.31,47.83,5,1,37.32,intermediate,51.47,6.0,15.0,31.8,1,0,0,0,0,1
2024-01-23,234,10,20.61,49.54,1,0,30.74,intermediate,27.84,1.0,23.0,23.4,1,0,0,1,0,0
2024-07-09,190,10,14.72,49.69,1,1,49.99,intermediate,54.79,7.0,9.0,19.0,1,0,0,0,1,0
2024-03-05,258,8,20.45,49.51,1,0,30.74,beginner,39.18,3.0,5.0,32.25,0,0,0,0,0,1
2024-02-25,395,10,21.48,55.51,6,0,30.74,intermediate,50.03,2.0,25.0,39.5,1,0,0,0,1,0
2024-05-25,261,7,30.96,39.94,5,0,28.12,intermediate,36.34,5.0,25.0,37.285714285714285,1,0,0,1,0,0
,240,6,22.73,64.35,2,1,23.24,beginner,35.93,,,40.0,0,0,0,1,0,0
2024-02-26,274,13,30.41,56.63,0,0,27.33,intermediate,43.2,2.0,26.0,21.076923076923077,1,0,0,0,0,1
2024-09-25,241,8,22.0,70.11,2,0,17.6,expert,34.44,9.0,25.0,30.125,2,0,0,1,0,0
2024-07-22,231,9,19.31,65.7,0,0,30.74,intermediate,42.15,7.0,22.0,25.666666666666668,1,0,0,0,1,0
2024-07-27,285,5,33.3,81.91,5,1,35.55,beginner,58.94,7.0,27.0,57.0,0,1,0,0,0,0
2024-06-14,299,7,25.09,60.34,4,1,38.3,intermediate,55.23,6.0,14.0,42.714285714285715,1,1,0,0,0,0
2024-01-15,216,10,18.48,68.85,0,0,20.56,beginner,43.07,1.0,15.0,21.6,0,0,0,0,1,0
2024-03-22,292,8,23.39,76.03,4,1,33.22,intermediate,45.87,3.0,22.0,36.5,1,0,0,1,0,0
2024-03-01,293,9,22.59,57.86,4,0,30.74,beginner,44.55,3.0,1.0,32.55555555555556,0,0,1,0,0,0
2024-02-01,281,8,24.14,58.59,3,1,25.32,intermediate,39.39,2.0,1.0,35.125,1,0,0,0,1,0
2024-09-02,275,9,20.69,65.32,0,0,31.32,intermediate,34.5,9.0,2.0,30.555555555555557,1,1,0,0,0,0
2024-12-29,282,5,26.58,56.57,6,0,30.79,beginner,52.3,12.0,29.0,56.4,0,0,0,0,0,1
2024-09-22,195,11,25.64,55.07,6,0,17.26,expert,32.79,9.0,22.0,17.727272727272727,2,1,0,0,0,0
2024-09-10,267,9,21.1,76.64,1,1,48.4,intermediate,51.89,9.0,10.0,29.666666666666668,1,0,0,0,0,1
,351,8,24.24,64.32,4,1,28.6,expert,42.07,,,43.875,2,0,0,0,0,1
2024-04-09,304,6,24.04,49.9,1,0,30.74,beginner,42.26,4.0,9.0,50.666666666666664,0,0,0,1,0,0
2024-12-11,264,9,18.82,52.59,2,0,39.4,expert,44.85,12.0,11.0,29.333333333333332,2,1,0,0,0,0
2024-10-27,299,6,27.5,70.65,6,0,21.1,beginner,45.64,10.0,27.0,49.833333333333336,0,1,0,0,0,0
2024-01-06,216,7,22.79,55.07,5,1,19.26,expert,40.49,1.0,6.0,30.857142857142858,2,0,0,1,0,0
2024-02-24,128,7,23.35,53.75,5,0,30.74,expert,33.31,2.0,24.0,18.285714285714285,2,0,0,0,1,0
2024-02-02,374,9,23.1,47.34,4,0,36.13,expert,47.95,2.0,2.0,41.55555555555556,2,0,0,0,0,1
2024-10-16,229,7,20.76,71.64,2,0,37.3,expert,37.7,10.0,16.0,32.714285714285715,2,1,0,0,0,0
2024-12-29,306,9,30.16,31.57,6,0,43.94,intermediate,53.7,12.0,29.0,34.0,1,0,0,1,0,0
2024-10-17,261,13,22.32,60.44,3,1,26.5,beginner,54.9,10.0,17.0,20.076923076923077,0,0,0,1,0,0
2024-12-01,352,8,30.35,59.23,6,0,32.8,intermediate,43.21,12.0,1.0,44.0,1,0,1,0,0,0
2024-08-08,183,6,20.2,75.27,3,0,35.78,beginner,46.96,8.0,8.0,30.5,0,0,0,0,1,0
2024-03-03,196,10,23.23,47.96,6,0,32.9,beginner,40.78,3.0,3.0,19.6,0,0,0,0,1,0
2024-09-04,343,3,24.56,47.42,2,0,37.91,beginner,48.05,9.0,4.0,114.33333333333333,0,1,0,0,0,0
2024-08-23,330,6,21.17,59.69,4,1,19.4,beginner,44.22,8.0,23.0,55.0,0,1,0,0,0,0
2024-12-17,271,3,27.33,60.96,1,0,28.08,expert,29.38,12.0,17.0,90.33333333333333,2,0,1,0,0,0
2024-11-21,218,7,25.23,33.96,3,0,27.16,intermediate,33.16,11.0,21.0,31.142857142857142,1,1,0,0,0,0
2024-10-11,262,3,22.79,58.27,4,0,23.13,expert,48.62,10.0,11.0,87.33333333333333,2,0,0,0,1,0
2024-03-01,254,9,11.92,60.35,4,1,30.74,beginner,60.44,3.0,1.0,28.22222222222222,0,0,0,0,1,0
2024-01-16,275,3,18.32,35.85,1,0,30.74,beginner,44.72,1.0,16.0,91.66666666666667,0,0,0,0,1,0
2024-09-11,288,13,26.79,63.57,2,0,40.46,beginner,49.97,9.0,11.0,22.153846153846153,0,0,0,0,0,1
2024-06-13,384,8,28.5,70.23,3,0,27.47,expert,45.16,6.0,13.0,48.0,2,0,0,0,1,0
2024-06-09,403,12,16.09,60.26,6,0,31.08,beginner,48.71,6.0,9.0,33.583333333333336,0,0,0,0,0,1
2024-09-09,439,8,14.89,61.44,0,1,39.58,intermediate,62.48,9.0,9.0,54.875,1,0,0,0,1,0
2024-09-20,327,7,29.36,67.16,4,0,32.75,intermediate,44.15,9.0,20.0,46.714285714285715,1,0,0,0,0,1
2024-06-17,298,11,22.79,62.07,0,0,33.27,intermediate,46.74,6.0,17.0,27.09090909090909,1,0,0,0,1,0
2024-06-29,112,9,32.57,75.85,5,1,25.35,expert,38.6,6.0,29.0,12.444444444444445,2,0,0,0,0,1
2024-08-27,270,8,19.33,47.55,1,0,31.45,intermediate,46.46,8.0,27.0,33.75,1,0,0,1,0,0
2024-07-03,218,4,23.9,83.44,2,0,20.94,beginner,38.98,7.0,3.0,54.5,0,0,1,0,0,0
2024-12-20,126,10,28.85,56.74,4,0,29.53,beginner,32.95,12.0,20.0,12.6,0,0,0,0,0,1
2024-04-19,315,5,15.64,74.93,4,0,30.74,intermediate,42.47,4.0,19.0,63.0,1,0,1,0,0,0
2024-10-28,220,4,19.24,65.84,0,0,41.6,intermediate,49.73,10.0,28.0,55.0,1,1,0,0,0,0
2024-07-04,270,6,18.28,69.86,3,0,36.36,intermediate,33.27,7.0,4.0,45.0,1,0,1,0,0,0
2024-04-10,310,9,18.88,65.8,2,1,33.8,beginner,57.06,4.0,10.0,34.44444444444444,0,1,0,0,0,0
2024-02-04,225,5,26.58,68.18,6,0,30.74,intermediate,46.68,2.0,4.0,45.0,1,0,0,0,1,0
2024-06-06,252,5,18.59,60.5,3,0,40.44,intermediate,35.1,6.0,6.0,50.4,1,0,1,0,0,0
2024-04-13,283,8,13.82,71.78,5,0,34.49,expert,43.27,4.0,13.0,35.375,2,0,1,0,0,0
2024-12-04,340,10,23.35,46.51,2,0,37.67,beginner,36.66,12.0,4.0,34.0,0,0,1,0,0,0
2024-02-19,143,5,23.58,55.55,0,0,40.12,intermediate,45.39,2.0,19.0,28.6,1,0,0,0,1,0
2024-12-18,157,8,24.92,37.19,2,0,20.24,intermediate,21.69,12.0,18.0,19.625,1,1,0,0,0,0
2024-11-06,345,7,23.22,49.5,2,0,38.41,beginner,48.91,11.0,6.0,49.285714285714285,0,0,0,1,0,0
2024-05-04,176,9,28.1,46.52,5,0,31.9,intermediate,38.68,5.0,4.0,19.555555555555557,1,1,0,0,0,0
2024-01-06,321,6,26.96,55.19,5,0,24.49,expert,41.98,1.0,6.0,53.5,2,1,0,0,0,0
2024-11-03,162,9,22.61,72.72,6,1,38.77,intermediate,45.94,11.0,3.0,18.0,1,1,0,0,0,0
2024-12-02,256,11,24.88,39.69,0,0,32.68,intermediate,37.92,12.0,2.0,23.272727272727273,1,0,0,0,1,0
2024-11-03,107,7,27.34,72.26,6,0,37.61,expert,41.0,11.0,3.0,15.285714285714286,2,0,0,0,0,1
2024-11-03,279,11,20.37,63.9,6,0,29.07,beginner,40.1,11.0,3.0,25.363636363636363,0,0,1,0,0,0
2024-07-02,354,9,21.58,62.42,1,0,18.25,intermediate,41.01,7.0,2.0,39.333333333333336,1,0,0,1,0,0
2024-05-19,151,8,20.42,51.23,6,0,10.95,expert,19.58,5.0,19.0,18.875,2,0,1,0,0,0
2024-12-16,334,11,11.82,74.33,0,0,23.93,beginner,44.89,12.0,16.0,30.363636363636363,0,0,1,0,0,0
2024-04-10,256,9,24.27,52.08,2,0,36.05,intermediate,43.07,4.0,10.0,28.444444444444443,1,1,0,0,0,0
2024-04-02,196,13,18.67,61.77,1,0,35.44,expert,42.41,4.0,2.0,15.076923076923077,2,1,0,0,0,0
2024-09-30,368,11,20.45,70.32,0,0,31.87,expert,37.25,9.0,30.0,33.45454545454545,2,0,1,0,0,0
2024-08-04,376,11,26.2,71.61,6,0,26.7,intermediate,44.57,8.0,4.0,34.18181818181818,1,0,0,0,0,1
2024-11-22,255,4,17.78,65.3,4,1,14.55,intermediate,33.66,11.0,22.0,63.75,1,0,1,0,0,0
2024-05-01,393,8,20.81,48.62,2,0,31.21,intermediate,48.22,5.0,1.0,49.125,1,0,1,0,0,0
2024-06-30,249,8,15.39,42.12,6,0,26.76,intermediate,41.97,6.0,30.0,31.125,1,1,0,0,0,0
2024-05-21,351,11,15.22,42.63,1,0,22.67,beginner,40.61,5.0,21.0,31.90909090909091,0,0,0,0,0,1
2024-06-19,121,7,28.71,44.26,2,0,30.74,expert,20.0,6.0,19.0,17.285714285714285,2,0,0,0,0,1
2024-04-11,290,6,18.16,62.65,3,0,27.04,intermediate,37.81,4.0,11.0,48.333333333333336,1,0,0,1,0,0
2024-09-12,316,8,24.52,63.97,3,0,30.12,beginner,44.96,9.0,12.0,39.5,0,0,0,0,0,1
2024-07-13,164,12,22.94,48.42,5,0,40.49,intermediate,38.89,7.0,13.0,13.666666666666666,1,0,0,1,0,0
2024-05-05,216,8,25.13,50.49,6,0,40.07,intermediate,40.96,5.0,5.0,27.0,1,0,0,1,0,0
2024-06-15,248,8,23.06,66.59,5,0,20.57,beginner,28.77,6.0,15.0,31.0,0,0,0,0,0,1
2024-01-06,244,5,17.3,73.66,5,0,26.31,beginner,38.45,1.0,6.0,48.8,0,0,0,0,0,1
,279,8,25.1,50.57,6,0,22.01,expert,48.3,,,34.875,2,0,0,0,1,0
2024-11-30,301,7,28.9,63.06,5,1,34.49,intermediate,49.0,11.0,30.0,43.0,1,0,0,0,0,1
2024-01-20,251,6,20.61,59.59,5,0,28.74,expert,39.44,1.0,20.0,41.833333333333336,2,0,0,0,1,0
2024-01-28,179,10,31.91,69.13,6,0,24.33,expert,38.71,1.0,28.0,17.9,2,0,0,0,1,0
2024-12-01,249,7,22.02,78.57,6,1,30.74,intermediate,55.03,12.0,1.0,35.57142857142857,1,0,0,0,0,1
2024-07-16,251,10,22.71,51.82,1,0,23.14,intermediate,37.68,7.0,16.0,25.1,1,0,0,0,1,0
2024-09-06,334,5,31.97,75.28,4,0,20.94,intermediate,48.95,9.0,6.0,66.8,1,0,0,0,1,0
2024-09-11,379,6,21.84,58.06,2,0,32.15,expert,37.35,9.0,11.0,63.166666666666664,2,0,1,0,0,0
2024-01-12,292,9,23.05,57.31,4,0,29.03,beginner,43.47,1.0,12.0,32.44444444444444,0,0,1,0,0,0
2024-02-03,328,8,16.23,69.9,5,0,29.71,intermediate,48.55,2.0,3.0,41.0,1,0,0,1,0,0
2024-12-09,197,7,21.4,48.8,0,0,37.0,intermediate,36.61,12.0,9.0,28.142857142857142,1,1,0,0,0,0
2024-06-11,262,8,14.44,53.9,1,0,28.41,intermediate,46.68,6.0,11.0,32.75,1,0,0,0,1,0
2024-10-14,262,9,21.72,77.53,0,1,36.46,beginner,48.61,10.0,14.0,29.11111111111111,0,0,0,0,0,1
2024-12-17,315,10,28.28,54.85,1,1,30.74,expert,34.15,12.0,17.0,31.5,2,0,0,0,0,1
2024-01-21,267,4,28.6,64.8,6,0,37.0,intermediate,46.65,1.0,21.0,66.75,1,0,0,0,1,0
2024-12-19,206,6,27.05,70.31,3,0,42.55,expert,42.04,12.0,19.0,34.333333333333336,2,0,0,1,0,0
2024-04-15,161,10,18.95,54.66,0,0,31.33,expert,35.44,4.0,15.0,16.1,2,0,0,0,1,0
2024-10-24,282,6,23.28,71.75,3,0,24.18,intermediate,25.2,10.0,24.0,47.0,1,0,1,0,0,0
2024-10-14,329,10,19.91,62.46,0,0,21.02,beginner,37.45,10.0,14.0,32.9,0,0,0,1,0,0
2024-07-21,263,7,26.17,60.6,6,1,39.86,beginner,39.42,7.0,21.0,37.57142857142857,0,0,0,0,0,1
2024-10-14,270,8,16.48,38.07,0,0,18.54,expert,20.83,10.0,14.0,33.75,2,0,0,1,0,0
2024-06-16,157,9,25.86,55.92,6,0,27.03,intermediate,32.86,6.0,16.0,17.444444444444443,1,0,0,0,0,1
2024-09-06,278,9,23.92,73.96,4,0,21.94,expert,30.38,9.0,6.0,30.88888888888889,2,0,0,1,0,0
2024-05-01,267,8,21.66,67.37,2,1,30.99,expert,37.51,5.0,1.0,33.375,2,0,0,0,0,1
2024-12-11,281,6,32.26,57.2,2,0,30.07,intermediate,43.49,12.0,11.0,46.833333333333336,1,0,0,1,0,0
2024-09-15,345,9,24.94,40.58,6,0,26.06,intermediate,42.34,9.0,15.0,38.333333333333336,1,0,0,0,1,0
2024-01-16,199,10,27.07,45.56,1,0,41.32,intermediate,46.72,1.0,16.0,19.9,1,0,0,1,0,0
2024-10-20,173,11,22.68,50.14,6,1,45.09,intermediate,36.49,10.0,20.0,15.727272727272727,1,0,1,0,0,0
2024-06-07,312,8,19.57,51.42,4,0,38.35,expert,48.92,6.0,7.0,39.0,2,0,0,0,1,0
2024-09-07,126,11,15.61,59.23,5,0,32.17,intermediate,27.02,9.0,7.0,11.454545454545455,1,0,0,0,0,1
2024-08-03,241,10,25.93,64.99,5,0,36.15,intermediate,49.08,8.0,3.0,24.1,1,1,0,0,0,0
2024-08-01,200,8,20.3,58.93,3,0,31.97,beginner,37.4,8.0,1.0,25.0,0,1,0,0,0,0
2024-12-30,247,12,24.79,65.09,0,0,29.42,beginner,48.16,12.0,30.0,20.583333333333332,0,0,1,0,0,0
2024-11-25,269,9,28.07,40.6,0,0,47.43,intermediate,50.07,11.0,25.0,29.88888888888889,1,0,0,0,0,1
2024-09-03,332,9,22.79,57.48,1,0,32.14,intermediate,49.35,9.0,3.0,36.888888888888886,1,1,0,0,0,0
2024-12-12,269,8,25.16,55.52,3,0,39.59,expert,29.36,12.0,12.0,33.625,2,0,1,0,0,0
2024-10-09,261,3,25.03,63.12,2,0,39.05,beginner,41.33,10.0,9.0,87.0,0,0,0,1,0,0
2024-11-21,358,10,30.34,60.75,3,0,31.29,intermediate,52.5,11.0,21.0,35.8,1,0,0,0,1,0
2024-09-19,363,8,12.99,64.84,3,1,30.51,intermediate,53.2,9.0,19.0,45.375,1,0,0,1,0,0
2024-04-05,261,9,18.33,44.23,4,0,35.77,expert,35.84,4.0,5.0,29.0,2,0,0,1,0,0
2024-05-06,285,10,25.2,49.55,0,1,37.69,intermediate,46.62,5.0,6.0,28.5,1,1,0,0,0,0
2024-02-21,233,10,18.18,41.08,2,1,27.28,intermediate,39.65,2.0,21.0,23.3,1,0,0,0,1,0
2024-06-24,102,4,22.79,41.54,0,0,30.97,intermediate,27.47,6.0,24.0,25.5,1,1,0,0,0,0
2024-02-21,367,10,22.31,68.71,2,0,18.28,intermediate,51.99,2.0,21.0,36.7,1,0,0,0,1,0
2024-12-03,218,10,23.98,50.06,1,0,35.14,intermediate,50.32,12.0,3.0,21.8,1,1,0,0,0,0
2024-02-04,295,6,18.38,72.24,6,0,27.56,expert,42.24,2.0,4.0,49.166666666666664,2,1,0,0,0,0
2024-10-05,310,6,14.19,51.04,5,0,18.26,beginner,43.14,10.0,5.0,51.666666666666664,0,0,0,1,0,0
2024-08-02,241,9,17.91,41.65,4,0,29.83,intermediate,31.64,8.0,2.0,26.77777777777778,1,0,0,1,0,0
2024-03-10,166,11,22.79,47.23,6,0,17.01,expert,32.38,3.0,10.0,15.090909090909092,2,0,0,0,1,0
2024-11-23,213,9,28.74,57.68,5,0,29.38,expert,47.41,11.0,23.0,23.666666666666668,2,1,0,0,0,0
,333,11,17.78,32.98,6,0,35.64,intermediate,48.12,,,30.272727272727273,1,0,0,1,0,0
2024-07-21,414,3,26.79,75.74,6,0,22.87,intermediate,49.3,7.0,21.0,138.0,1,0,0,0,1,0
2024-06-10,115,3,14.31,56.02,0,0,22.03,expert,37.67,6.0,10.0,38.333333333333336,2,0,0,0,0,1
2024-07-06,272,7,20.9,40.53,5,1,27.23,beginner,40.14,7.0,6.0,38.857142857142854,0,1,0,0,0,0
2024-07-09,229,8,22.53,50.24,1,0,30.74,beginner,43.84,7.0,9.0,28.625,0,0,0,0,1,0
2024-08-29,261,8,24.52,56.85,3,1,25.13,beginner,35.54,8.0,29.0,32.625,0,0,0,0,1,0
2024-12-26,258,12,18.48,69.07,3,1,29.13,intermediate,46.66,12.0,26.0,21.5,1,0,0,0,1,0
2024-07-07,227,4,20.89,44.54,6,0,32.71,expert,25.11,7.0,7.0,56.75,2,0,0,1,0,0
2024-12-20,206,10,18.3,26.71,4,0,30.74,intermediate,29.26,12.0,20.0,20.6,1,0,1,0,0,0
2024-07-25,225,8,20.44,44.44,3,1,29.43,intermediate,38.11,7.0,25.0,28.125,1,1,0,0,0,0
2024-05-05,257,8,25.08,65.03,6,0,39.87,beginner,41.85,5.0,5.0,32.125,0,1,0,0,0,0
2024-03-23,339,8,17.72,57.49,5,0,30.74,beginner,48.16,3.0,23.0,42.375,0,0,0,0,1,0
2024-08-17,357,9,27.91,76.15,5,0,36.53,intermediate,49.51,8.0,17.0,39.666666666666664,1,0,1,0,0,0
2024-11-18,348,9,27.23,54.83,0,0,40.69,intermediate,52.72,11.0,18.0,38.666666666666664,1,1,0,0,0,0
2024-02-28,286,3,21.9,69.86,2,0,35.13,expert,50.25,2.0,28.0,95.33333333333333,2,0,0,1,0,0
2024-08-19,271,9,24.68,62.59,0,0,29.82,beginner,42.78,8.0,19.0,30.11111111111111,0,0,0,0,1,0
2024-07-12,184,11,20.08,67.13,4,0,45.13,expert,39.55,7.0,12.0,16.727272727272727,2,0,0,1,0,0
2024-07-30,305,10,23.33,64.91,1,0,30.78,beginner,46.92,7.0,30.0,30.5,0,1,0,0,0,0
2024-06-19,211,9,27.42,35.06,2,0,12.61,expert,24.51,6.0,19.0,23.444444444444443,2,1,0,0,0,0
2024-03-03,301,8,22.79,45.97,6,0,35.86,beginner,49.55,3.0,3.0,37.625,0,0,0,0,1,0
2024-07-26,260,9,24.81,34.6,4,1,37.91,intermediate,45.72,7.0,26.0,28.88888888888889,1,0,0,0,1,0
2024-10-08,232,5,12.07,50.71,1,0,30.74,intermediate,50.16,10.0,8.0,46.4,1,1,0,0,0,0
2024-09-14,172,8,23.9,51.24,5,0,27.22,beginner,27.53,9.0,14.0,21.5,0,0,0,0,0,1
2024-07-13,151,10,17.76,57.91,5,0,18.77,intermediate,25.1,7.0,13.0,15.1,1,0,0,0,0,1
2024-07-01,246,7,26.73,52.18,0,0,29.17,beginner,49.75,7.0,1.0,35.142857142857146,0,0,0,0,0,1
2024-06-30,164,3,23.2,57.09,6,0,25.98,intermediate,37.23,6.0,30.0,54.666666666666664,1,0,0,0,1,0
2024-07-08,263,4,21.37,56.49,0,0,30.74,intermediate,50.01,7.0,8.0,65.75,1,0,0,1,0,0
2024-07-04,272,8,19.68,73.47,3,0,19.32,beginner,40.36,7.0,4.0,34.0,0,0,1,0,0,0
2024-10-17,120,3,21.35,58.26,3,0,32.61,beginner,35.69,10.0,17.0,40.0,0,0,1,0,0,0
2024-11-09,316,14,14.14,51.54,5,0,35.11,intermediate,40.84,11.0,9.0,22.571428571428573,1,1,0,0,0,0
2024-01-02,303,9,17.47,81.98,1,0,16.86,expert,41.73,1.0,2.0,33.666666666666664,2,0,0,1,0,0
2024-06-11,259,5,22.72,58.27,1,0,18.85,expert,31.51,6.0,11.0,51.8,2,1,0,0,0,0
2024-10-26,310,9,22.06,76.61,5,1,41.82,expert,47.53,10.0,26.0,34.44444444444444,2,0,0,1,0,0
2024-01-03,293,8,22.53,50.22,2,1,48.83,intermediate,50.28,1.0,3.0,36.625,1,0,0,0,0,1
2024-07-02,220,8,17.71,68.73,1,0,18.47,intermediate,19.0,7.0,2.0,27.5,1,0,1,0,0,0
2024-05-13,395,11,18.27,46.06,0,0,29.5,expert,45.17,5.0,13.0,35.90909090909091,2,0,0,0,1,0
2024-12-17,286,8,24.56,67.55,1,0,42.1,intermediate,48.55,12.0,17.0,35.75,1,0,1,0,0,0
2024-04-08,313,10,24.2,60.44,0,0,28.34,expert,39.69,4.0,8.0,31.3,2,0,0,1,0,0
2024-12-15,388,7,26.27,90.0,6,0,14.09,intermediate,41.19,12.0,15.0,55.42857142857143,1,0,0,0,1,0
2024-04-22,260,3,19.86,65.49,0,1,32.12,intermediate,46.27,4.0,22.0,86.66666666666667,1,0,0,1,0,0
2024-03-14,350,10,26.52,57.36,3,0,24.04,beginner,45.58,3.0,14.0,35.0,0,0,0,1,0,0
2024-11-07,322,12,17.54,81.94,3,0,42.48,expert,47.49,11.0,7.0,26.833333333333332,2,0,0,1,0,0
2024-03-30,169,3,18.22,38.25,5,0,25.9,expert,23.06,3.0,30.0,56.333333333333336,2,0,0,0,0,1
2024-05-16,274,10,17.08,62.72,3,0,30.74,intermediate,44.54,5.0,16.0,27.4,1,0,0,0,0,1
2024-01-03,220,7,23.25,63.41,2,0,18.34,intermediate,31.26,1.0,3.0,31.428571428571427,1,0,0,0,0,1
2024-03-30,398,11,21.41,61.78,5,0,36.65,intermediate,45.15,3.0,30.0,36.18181818181818,1,0,0,0,0,1
2024-01-31,297,11,17.75,78.26,2,0,36.71,intermediate,48.34,1.0,31.0,27.0,1,1,0,0,0,0
2024-12-30,143,4,22.14,51.56,0,0,19.78,intermediate,24.16,12.0,30.0,35.75,1,0,0,1,0,0
2024-03-06,239,8,22.79,54.43,2,0,30.2,expert,32.83,3.0,6.0,29.875,2,0,0,1,0,0
2024-02-13,261,10,27.68,36.71,1,0,29.61,expert,54.76,2.0,13.0,26.1,2,0,0,1,0,0
2024-07-16,378,11,28.63,51.47,1,1,25.92,expert,49.44,7.0,16.0,34.36363636363637,2,0,0,0,1,0
2024-08-02,308,5,22.79,40.58,4,0,35.24,beginner,39.7,8.0,2.0,61.6,0,0,1,0,0,0
2024-02-04,176,9,24.24,54.26,6,1,21.7,intermediate,33.68,2.0,4.0,19.555555555555557,1,0,0,0,0,1
2024-04-14,233,6,25.52,64.27,6,1,33.26,expert,39.62,4.0,14.0,38.833333333333336,2,0,0,0,0,1
2024-12-13,200,8,22.79,48.78,4,0,36.38,beginner,29.9,12.0,13.0,25.0,0,0,0,0,1,0
2024-06-22,309,5,22.79,65.1,5,0,30.74,beginner,47.05,6.0,22.0,61.8,0,1,0,0,0,0
2024-02-22,182,8,22.79,45.27,3,0,37.38,intermediate,36.79,2.0,22.0,22.75,1,0,0,0,1,0
2024-12-23,290,7,24.23,68.6,0,0,32.42,intermediate,51.3,12.0,23.0,41.42857142857143,1,0,0,0,1,0
2024-02-25,323,5,23.15,63.63,6,0,45.76,beginner,55.91,2.0,25.0,64.6,0,0,0,0,0,1
2024-02-26,195,7,22.79,52.56,0,0,29.12,beginner,39.95,2.0,26.0,27.857142857142858,0,0,1,0,0,0
2024-03-26,165,9,26.9,50.18,1,0,38.0,intermediate,37.19,3.0,26.0,18.333333333333332,1,0,0,0,0,1
2024-11-15,261,7,21.8,60.05,4,0,43.67,intermediate,53.62,11.0,15.0,37.285714285714285,1,0,0,1,0,0
2024-05-28,178,6,23.17,56.01,1,0,32.79,beginner,38.74,5.0,28.0,29.666666666666668,0,1,0,0,0,0
2024-02-03,341,9,17.83,55.47,5,0,30.74,intermediate,45.01,2.0,3.0,37.888888888888886,1,0,0,1,0,0
2024-09-21,161,11,22.79,51.62,5,0,28.58,intermediate,34.95,9.0,21.0,14.636363636363637,1,0,0,1,0,0
2024-06-04,285,7,19.76,53.16,1,0,39.42,intermediate,49.89,6.0,4.0,40.714285714285715,1,0,0,0,1,0
2024-12-28,208,14,14.42,61.5,5,0,45.69,intermediate,51.35,12.0,28.0,14.857142857142858,1,0,0,0,1,0
2024-08-25,357,11,25.71,67.57,6,0,22.47,beginner,45.41,8.0,25.0,32.45454545454545,0,0,0,0,0,1
2024-10-26,264,4,28.65,67.61,5,0,35.16,beginner,55.17,10.0,26.0,66.0,0,0,0,0,1,0
2024-11-23,287,13,24.06,72.9,5,1,30.74,intermediate,42.22,11.0,23.0,22.076923076923077,1,0,1,0,0,0
2024-12-14,204,8,12.41,36.27,5,0,41.82,beginner,45.72,12.0,14.0,25.5,0,0,0,1,0,0
2024-06-11,186,8,14.47,79.74,1,0,24.38,beginner,41.76,6.0,11.0,23.25,0,0,1,0,0,0
2024-06-01,298,10,22.79,66.34,5,0,36.08,intermediate,46.24,6.0,1.0,29.8,1,1,0,0,0,0
2024-02-28,261,8,31.95,72.11,2,1,25.88,expert,35.74,2.0,28.0,32.625,2,0,0,1,0,0
2024-08-03,335,13,24.56,59.65,5,1,29.56,intermediate,45.3,8.0,3.0,25.76923076923077,1,0,0,0,0,1
2024-11-07,230,8,22.74,76.86,3,0,20.01,intermediate,32.05,11.0,7.0,28.75,1,0,1,0,0,0
2024-09-26,205,4,28.08,56.65,3,0,26.36,intermediate,37.91,9.0,26.0,51.25,1,0,0,0,1,0
2024-12-21,277,6,29.52,66.04,5,0,29.4,beginner,47.43,12.0,21.0,46.166666666666664,0,0,1,0,0,0
2024-06-22,220,5,19.28,55.35,5,0,42.1,intermediate,44.21,6.0,22.0,44.0,1,0,0,0,0,1
2024-09-11,318,9,26.16,54.7,2,0,32.47,beginner,53.76,9.0,11.0,35.333333333333336,0,0,0,0,0,1
2024-03-20,352,9,19.89,53.43,2,0,21.26,expert,33.15,3.0,20.0,39.111111111111114,2,1,0,0,0,0
2024-11-10,179,8,26.06,81.7,6,0,20.67,expert,34.19,11.0,10.0,22.375,2,0,0,0,1,0
2024-07-07,216,9,28.98,69.58,6,0,32.18,intermediate,45.82,7.0,7.0,24.0,1,0,0,1,0,0
2024-02-14,285,4,26.98,65.28,2,0,30.37,intermediate,41.57,2.0,14.0,71.25,1,0,1,0,0,0
2024-07-21,293,9,23.31,45.94,6,0,31.87,expert,29.01,7.0,21.0,32.55555555555556,2,0,0,0,0,1
,396,7,25.89,66.22,2,1,24.09,intermediate,35.55,,,56.57142857142857,1,0,1,0,0,0
2024-04-19,199,6,21.36,75.03,4,0,24.64,intermediate,40.4,4.0,19.0,33.166666666666664,1,0,0,0,1,0
2024-07-01,367,9,22.79,47.26,0,0,45.31,intermediate,57.79,7.0,1.0,40.77777777777778,1,0,0,0,1,0
2024-03-04,154,10,26.72,68.64,0,0,37.55,expert,48.39,3.0,4.0,15.4,2,0,0,1,0,0
2024-07-21,337,9,26.55,56.3,6,0,26.81,expert,33.12,7.0,21.0,37.44444444444444,2,0,0,1,0,0
2024-12-16,168,8,21.68,72.87,0,1,34.72,intermediate,43.57,12.0,16.0,21.0,1,1,0,0,0,0
2024-05-29,320,9,19.17,69.22,2,0,40.93,expert,51.84,5.0,29.0,35.55555555555556,2,0,0,0,0,1
2024-07-12,244,8,18.5,78.54,4,0,13.58,expert,31.41,7.0,12.0,30.5,2,0,0,0,0,1
2024-09-25,155,8,22.79,54.21,2,1,26.1,intermediate,33.8,9.0,25.0,19.375,1,1,0,0,0,0
2024-04-10,256,7,17.08,81.08,2,0,51.21,expert,47.78,4.0,10.0,36.57142857142857,2,0,0,0,0,1
2024-04-23,265,11,22.87,68.42,1,1,24.34,beginner,38.9,4.0,23.0,24.09090909090909,0,0,0,1,0,0
2024-09-09,305,6,23.13,58.29,0,0,29.29,intermediate,38.08,9.0,9.0,50.833333333333336,1,0,1,0,0,0
2024-01-08,296,9,22.67,79.09,0,1,27.63,beginner,52.28,1.0,8.0,32.888888888888886,0,0,0,1,0,0
2024-02-08,280,9,21.26,82.89,3,0,21.76,intermediate,35.54,2.0,8.0,31.11111111111111,1,1,0,0,0,0
2024-01-11,261,8,20.25,60.21,3,0,30.18,expert,46.53,1.0,11.0,32.625,2,1,0,0,0,0
2024-12-21,171,5,16.34,62.55,5,0,43.6,expert,39.29,12.0,21.0,34.2,2,0,1,0,0,0
2024-03-01,374,7,20.83,61.9,4,0,17.51,expert,34.97,3.0,1.0,53.42857142857143,2,0,0,0,0,1
2024-05-30,237,7,15.93,60.99,3,0,30.1,intermediate,34.8,5.0,30.0,33.857142857142854,1,0,0,0,0,1
2024-10-22,285,7,29.54,38.77,1,0,28.27,beginner,41.95,10.0,22.0,40.714285714285715,0,0,0,1,0,0
2024-07-10,237,9,22.52,51.29,2,0,43.75,intermediate,37.84,7.0,10.0,26.333333333333332,1,0,0,0,0,1
2024-07-18,289,10,22.72,73.55,3,0,29.4,intermediate,47.11,7.0,18.0,28.9,1,1,0,0,0,0
2024-09-18,168,5,23.74,44.97,2,0,25.82,expert,36.87,9.0,18.0,33.6,2,0,0,0,1,0
2024-08-05,245,10,29.1,43.09,0,0,52.17,beginner,54.81,8.0,5.0,24.5,0,0,0,0,1,0
2024-10-14,347,5,24.76,44.96,0,0,41.43,intermediate,56.3,10.0,14.0,69.4,1,0,0,0,0,1
2024-09-25,362,8,23.95,60.1,2,0,25.81,intermediate,44.18,9.0,25.0,45.25,1,1,0,0,0,0
2024-09-01,261,7,22.79,62.77,6,0,27.92,intermediate,31.87,9.0,1.0,37.285714285714285,1,1,0,0,0,0
2024-10-26,216,6,24.58,58.06,5,1,30.13,beginner,52.94,10.0,26.0,36.0,0,0,0,0,1,0
2024-10-10,411,11,22.96,54.38,3,0,20.69,intermediate,45.8,10.0,10.0,37.36363636363637,1,0,1,0,0,0
2024-07-25,275,7,23.04,59.64,3,0,41.19,beginner,54.67,7.0,25.0,39.285714285714285,0,0,0,1,0,0
2024-03-30,337,11,18.97,70.31,5,1,41.72,intermediate,53.87,3.0,30.0,30.636363636363637,1,0,0,0,0,1
2024-08-12,371,9,29.4,78.47,0,0,44.75,expert,49.05,8.0,12.0,41.22222222222222,2,0,0,0,1,0
2024-06-23,337,8,27.14,65.69,6,0,28.23,intermediate,48.47,6.0,23.0,42.125,1,0,0,0,0,1
2024-07-03,262,15,21.07,61.81,2,0,23.97,beginner,49.98,7.0,3.0,17.466666666666665,0,1,0,0,0,0
2024-08-24,86,11,24.34,55.68,5,0,32.83,intermediate,35.65,8.0,24.0,7.818181818181818,1,1,0,0,0,0
2024-07-23,262,8,21.26,48.08,1,0,14.3,intermediate,32.4,7.0,23.0,32.75,1,0,0,0,1,0
2024-08-24,261,8,20.76,55.55,5,0,30.74,intermediate,38.64,8.0,24.0,32.625,1,0,0,1,0,0
2024-08-25,252,7,18.17,41.86,6,0,27.66,expert,31.71,8.0,25.0,36.0,2,0,0,0,0,1
2024-12-07,242,6,21.93,66.09,5,1,35.86,intermediate,51.83,12.0,7.0,40.333333333333336,1,1,0,0,0,0
2024-01-09,309,9,20.79,55.75,1,0,39.24,intermediate,45.37,1.0,9.0,34.333333333333336,1,0,0,0,0,1
2024-03-31,217,8,32.75,51.48,6,0,41.5,expert,41.33,3.0,31.0,27.125,2,0,0,0,0,1
2024-04-15,410,8,27.22,75.56,0,0,37.39,expert,52.03,4.0,15.0,51.25,2,0,0,1,0,0
2024-04-10,192,7,19.55,59.82,2,1,26.97,intermediate,39.88,4.0,10.0,27.428571428571427,1,0,0,1,0,0
2024-05-21,239,8,23.18,66.64,1,0,26.72,expert,34.73,5.0,21.0,29.875,2,0,0,1,0,0
2024-12-07,294,9,22.63,43.45,5,0,33.93,intermediate,43.24,12.0,7.0,32.666666666666664,1,0,0,0,0,1
2024-07-16,376,11,17.89,73.19,1,0,36.72,intermediate,51.13,7.0,16.0,34.18181818181818,1,0,0,1,0,0
,158,6,10.91,55.41,3,0,34.77,intermediate,43.81,,,26.333333333333332,1,0,0,1,0,0
2024-02-02,253,8,23.23,69.11,4,0,32.8,beginner,40.7,2.0,2.0,31.625,0,0,0,0,0,1
2024-01-06,430,12,27.27,58.15,5,0,20.06,intermediate,41.67,1.0,6.0,35.833333333333336,1,1,0,0,0,0
2024-11-04,278,6,28.54,62.65,0,0,47.41,intermediate,51.04,11.0,4.0,46.333333333333336,1,0,0,0,1,0
2024-09-30,209,9,20.25,63.27,0,0,47.87,intermediate,48.04,9.0,30.0,23.22222222222222,1,0,1,0,0,0
2024-11-11,301,10,23.68,67.97,0,0,31.64,intermediate,45.29,11.0,11.0,30.1,1,0,0,1,0,0
2024-11-23,314,10,23.53,55.02,5,0,42.16,intermediate,54.94,11.0,23.0,31.4,1,0,0,0,0,1
2024-10-13,407,10,18.78,84.41,6,0,36.44,intermediate,64.11,10.0,13.0,40.7,1,0,0,0,1,0
2024-04-09,304,6,23.8,49.9,1,0,30.74,beginner,42.26,4.0,9.0,50.666666666666664,0,0,0,1,0,0
2024-02-26,290,13,25.3,52.35,0,0,33.02,beginner,41.12,2.0,26.0,22.307692307692307,0,0,0,1,0,0
2024-04-18,222,8,22.79,57.74,3,0,32.84,beginner,41.7,4.0,18.0,27.75,0,0,1,0,0,0
2024-02-07,98,9,27.24,38.76,2,0,16.18,beginner,27.75,2.0,7.0,10.88888888888889,0,0,0,1,0,0
2024-07-02,114,7,23.34,64.8,1,0,29.45,intermediate,39.99,7.0,2.0,16.285714285714285,1,0,0,0,1,0
2024-03-14,290,5,17.32,60.13,3,0,21.67,intermediate,36.74,3.0,14.0,58.0,1,1,0,0,0,0
2024-10-08,229,4,11.3,38.57,1,0,28.31,intermediate,34.23,10.0,8.0,57.25,1,0,1,0,0,0
2024-12-16,174,10,28.31,51.34,0,0,24.35,beginner,43.44,12.0,16.0,17.4,0,0,0,0,1,0
2024-07-25,287,6,11.33,49.98,3,1,25.54,intermediate,40.07,7.0,25.0,47.833333333333336,1,0,0,0,0,1
2024-04-11,308,11,24.99,40.15,3,0,18.79,intermediate,26.93,4.0,11.0,28.0,1,0,0,0,1,0
2024-08-06,333,9,21.66,62.66,1,0,31.5,intermediate,48.77,8.0,6.0,37.0,1,0,1,0,0,0
2024-01-21,337,4,10.81,47.27,6,0,38.69,expert,46.94,1.0,21.0,84.25,2,0,0,0,0,1
2024-10-05,137,11,24.89,57.76,5,0,18.16,intermediate,28.51,10.0,5.0,12.454545454545455,1,0,0,0,0,1
2024-06-07,261,10,24.34,46.21,4,1,34.66,intermediate,41.92,6.0,7.0,26.1,1,1,0,0,0,0
2024-02-25,268,10,26.31,66.78,6,0,35.07,expert,51.87,2.0,25.0,26.8,2,0,0,0,1,0
2024-07-03,261,5,27.34,70.2,2,0,25.01,expert,37.3,7.0,3.0,52.2,2,1,0,0,0,0
2024-11-27,276,8,26.04,50.46,2,0,30.74,beginner,45.85,11.0,27.0,34.5,0,1,0,0,0,0
2024-01-12,102,3,26.75,45.96,4,0,45.81,expert,32.14,1.0,12.0,34.0,2,1,0,0,0,0
2024-01-07,248,11,17.74,57.9,6,0,30.47,expert,48.89,1.0,7.0,22.545454545454547,2,1,0,0,0,0
2024-06-29,252,7,24.1,52.26,5,0,22.12,intermediate,34.01,6.0,29.0,36.0,1,0,0,1,0,0
2024-06-20,249,4,20.54,79.25,3,1,32.74,intermediate,47.3,6.0,20.0,62.25,1,0,0,0,0,1
2024-12-01,246,6,23.37,65.36,6,0,26.96,beginner,43.97,12.0,1.0,41.0,0,0,0,0,0,1
2024-07-21,261,10,22.79,61.55,6,1,37.27,beginner,42.25,7.0,21.0,26.1,0,0,0,0,0,1
2024-05-12,285,7,23.98,66.14,6,0,14.65,intermediate,30.31,5.0,12.0,40.714285714285715,1,0,0,0,1,0
2024-08-15,131,4,26.42,47.15,3,0,30.74,beginner,37.12,8.0,15.0,32.75,0,1,0,0,0,0
2024-03-27,220,7,22.17,78.57,2,0,13.87,beginner,21.07,3.0,27.0,31.428571428571427,0,1,0,0,0,0
2024-06-04,359,5,21.07,63.67,1,0,27.65,intermediate,39.8,6.0,4.0,71.8,1,0,0,1,0,0
2024-04-16,369,8,28.32,87.87,1,0,36.82,expert,47.54,4.0,16.0,46.125,2,0,0,1,0,0
2024-06-14,216,6,19.56,43.64,4,0,32.67,intermediate,31.69,6.0,14.0,36.0,1,0,0,0,0,1
2024-02-12,268,9,28.13,51.38,0,0,39.48,beginner,47.91,2.0,12.0,29.77777777777778,0,0,0,1,0,0
2024-05-30,157,8,29.9,55.1,3,0,51.52,expert,44.74,5.0,30.0,19.625,2,0,0,0,0,1
2024-02-07,214,8,22.79,47.07,2,0,20.99,expert,27.6,2.0,7.0,26.75,2,0,0,0,1,0
2024-06-01,178,10,19.22,76.33,5,0,19.59,intermediate,26.53,6.0,1.0,17.8,1,0,1,0,0,0
2024-07-18,232,8,19.37,61.9,3,0,21.1,intermediate,31.81,7.0,18.0,29.0,1,0,0,0,0,1
2024-11-17,262,6,24.02,63.43,6,1,26.71,beginner,39.46,11.0,17.0,43.666666666666664,0,0,1,0,0,0
2024-05-12,213,4,16.4,69.13,6,0,44.11,expert,39.28,5.0,12.0,53.25,2,0,0,0,0,1
2024-09-28,307,9,19.96,69.12,5,0,28.89,expert,31.98,9.0,28.0,34.111111111111114,2,0,1,0,0,0
2024-08-19,279,7,22.79,54.14,0,0,37.58,beginner,36.61,8.0,19.0,39.857142857142854,0,0,1,0,0,0
2024-01-09,132,8,19.37,54.79,1,0,49.75,intermediate,47.74,1.0,9.0,16.5,1,0,0,0,1,0
2024-05-17,271,8,18.52,68.7,4,0,35.12,intermediate,46.68,5.0,17.0,33.875,1,0,0,0,0,1
2024-06-05,294,8,23.76,43.58,2,0,14.87,beginner,29.73,6.0,5.0,36.75,0,0,0,0,1,0
2024-02-06,352,3,33.46,56.2,1,0,36.56,beginner,56.72,2.0,6.0,117.33333333333333,0,0,1,0,0,0
2024-12-16,268,11,24.49,63.25,0,0,20.43,beginner,28.38,12.0,16.0,24.363636363636363,0,0,0,1,0,0
2024-08-19,273,7,22.34,50.24,0,0,29.62,intermediate,33.09,8.0,19.0,39.0,1,0,1,0,0,0
2024-06-28,207,7,23.13,49.3,4,0,41.74,intermediate,47.95,6.0,28.0,29.571428571428573,1,0,0,0,1,0
2024-12-02,252,7,16.28,36.3,0,0,36.52,expert,33.27,12.0,2.0,36.0,2,0,0,0,0,1
2024-12-30,304,7,22.91,58.77,0,0,28.92,beginner,44.73,12.0,30.0,43.42857142857143,0,0,0,0,0,1
2024-10-09,253,11,26.9,68.42,2,1,29.32,beginner,44.34,10.0,9.0,23.0,0,0,0,0,0,1
2024-06-10,242,6,23.73,79.16,0,1,35.23,expert,42.85,6.0,10.0,40.333333333333336,2,0,0,0,1,0
,351,8,24.18,64.32,4,1,28.6,expert,42.07,,,43.875,2,0,0,0,0,1
2024-08-22,410,7,22.35,49.26,3,0,41.93,expert,49.67,8.0,22.0,58.57142857142857,2,0,1,0,0,0
2024-02-06,282,9,23.49,54.72,1,0,24.85,intermediate,37.44,2.0,6.0,31.333333333333332,1,0,1,0,0,0
2024-07-02,163,8,21.3,64.44,1,0,36.52,expert,41.16,7.0,2.0,20.375,2,0,0,0,1,0
2024-10-23,237,8,22.42,61.69,2,0,40.54,intermediate,42.38,10.0,23.0,29.625,1,0,0,0,0,1
2024-09-16,225,10,22.79,43.94,0,0,39.4,beginner,51.02,9.0,16.0,22.5,0,0,0,0,0,1
2024-12-23,262,10,22.49,44.99,0,0,25.92,beginner,28.76,12.0,23.0,26.2,0,0,1,0,0,0
2024-03-17,370,3,25.95,55.52,6,0,33.81,intermediate,38.16,3.0,17.0,123.33333333333333,1,0,0,0,0,1
2024-06-28,80,12,27.09,67.17,4,0,39.99,expert,26.52,6.0,28.0,6.666666666666667,2,0,0,0,0,1
2024-08-05,254,7,17.65,54.06,0,0,14.48,intermediate,36.63,8.0,5.0,36.285714285714285,1,0,0,1,0,0
2024-12-27,288,8,18.97,67.69,4,0,35.54,intermediate,46.45,12.0,27.0,36.0,1,0,0,0,0,1
2024-06-22,251,10,22.14,75.54,5,0,31.32,intermediate,40.02,6.0,22.0,25.1,1,1,0,0,0,0
2024-07-04,186,7,21.87,70.02,3,0,40.43,beginner,44.34,7.0,4.0,26.571428571428573,0,0,0,0,1,0
2024-11-15,266,8,19.96,53.31,4,1,29.98,expert,31.55,11.0,15.0,33.25,2,0,0,0,0,1
2024-09-18,209,7,16.16,63.25,2,0,30.89,beginner,45.38,9.0,18.0,29.857142857142858,0,1,0,0,0,0
2024-05-31,213,8,24.51,54.14,4,0,32.09,expert,43.67,5.0,31.0,26.625,2,0,0,0,1,0
2024-05-08,173,8,23.5,59.95,2,0,41.29,intermediate,46.5,5.0,8.0,21.625,1,0,1,0,0,0
,259,8,22.8,64.6,3,1,30.74,intermediate,45.01,,,32.375,1,1,0,0,0,0
2024-10-19,398,7,22.74,53.04,5,0,28.09,intermediate,59.01,10.0,19.0,56.857142857142854,1,0,0,0,1,0
2024-09-28,254,8,13.74,62.59,5,1,24.97,beginner,50.94,9.0,28.0,31.75,0,0,0,1,0,0
2024-02-11,247,10,24.2,53.98,6,0,42.5,intermediate,49.01,2.0,11.0,24.7,1,0,0,0,1,0
2024-07-07,109,8,25.21,64.14,6,1,30.74,intermediate,33.09,7.0,7.0,13.625,1,0,0,1,0,0
2024-04-24,278,9,22.6,39.78,2,1,45.55,beginner,55.13,4.0,24.0,30.88888888888889,0,0,0,0,0,1
2024-01-24,270,7,19.75,66.68,2,0,20.49,intermediate,31.75,1.0,24.0,38.57142857142857,1,0,0,0,0,1
2024-11-09,191,9,22.01,63.85,5,0,27.21,intermediate,36.82,11.0,9.0,21.22222222222222,1,0,0,0,1,0
2024-01-13,236,10,25.37,57.39,5,0,35.17,intermediate,36.8,1.0,13.0,23.6,1,1,0,0,0,0
2024-05-06,425,8,25.4,64.12,0,0,30.25,intermediate,43.58,5.0,6.0,53.125,1,1,0,0,0,0
2024-11-12,357,8,25.68,76.46,1,0,26.19,expert,50.21,11.0,12.0,44.625,2,0,0,1,0,0
2024-07-27,261,7,22.53,64.65,5,0,23.1,intermediate,42.64,7.0,27.0,37.285714285714285,1,0,0,0,0,1
2024-09-26,394,8,20.12,40.62,3,0,26.66,intermediate,41.61,9.0,26.0,49.25,1,0,0,0,1,0
2024-08-20,261,13,19.97,75.37,1,0,32.58,expert,39.73,8.0,20.0,20.076923076923077,2,0,0,1,0,0
2024-02-24,203,8,25.05,38.25,5,0,30.74,intermediate,37.76,2.0,24.0,25.375,1,0,0,0,0,1
2024-03-05,294,8,24.08,49.0,1,0,41.37,intermediate,60.38,3.0,5.0,36.75,1,1,0,0,0,0
2024-11-15,221,6,29.87,54.99,4,0,45.35,intermediate,65.51,11.0,15.0,36.833333333333336,1,0,0,0,1,0
2024-06-27,237,10,30.0,70.59,3,0,35.84,beginner,51.49,6.0,27.0,23.7,0,0,0,0,1,0
2024-02-03,242,7,23.11,57.28,5,0,44.34,intermediate,55.91,2.0,3.0,34.57142857142857,1,0,0,1,0,0
2024-04-01,295,9,23.76,69.12,0,1,45.98,intermediate,50.48,4.0,1.0,32.77777777777778,1,0,0,0,0,1
2024-07-03,204,7,30.16,71.23,2,1,33.83,expert,38.05,7.0,3.0,29.142857142857142,2,0,0,0,1,0
2024-02-14,263,7,24.01,71.81,2,0,47.24,expert,36.57,2.0,14.0,37.57142857142857,2,0,1,0,0,0
2024-02-10,305,6,17.06,77.39,5,0,30.96,beginner,41.57,2.0,10.0,50.833333333333336,0,0,1,0,0,0
2024-01-14,325,5,20.04,55.24,6,0,30.74,beginner,37.54,1.0,14.0,65.0,0,0,0,0,0,1
2024-10-28,277,8,18.33,35.32,0,1,34.16,expert,37.28,10.0,28.0,34.625,2,0,0,0,1,0
2024-07-04,227,7,22.79,76.0,3,0,18.68,beginner,39.85,7.0,4.0,32.42857142857143,0,0,0,0,1,0
2024-10-30,261,9,25.02,66.56,2,0,37.41,intermediate,59.12,10.0,30.0,29.0,1,1,0,0,0,0
2024-10-26,315,13,26.21,44.16,5,0,30.74,expert,50.63,10.0,26.0,24.23076923076923,2,0,0,0,1,0
2024-05-31,201,3,19.12,79.1,4,0,33.26,intermediate,42.06,5.0,31.0,67.0,1,0,0,0,0,1
2024-02-10,306,8,21.03,67.62,5,0,37.55,intermediate,50.37,2.0,10.0,38.25,1,1,0,0,0,0
2024-12-07,90,7,27.43,57.39,5,0,41.1,expert,38.3,12.0,7.0,12.857142857142858,2,0,0,1,0,0
2024-12-04,170,11,31.6,70.44,2,0,25.94,intermediate,26.59,12.0,4.0,15.454545454545455,1,0,1,0,0,0
2024-12-22,264,5,26.51,38.96,6,0,34.31,intermediate,47.57,12.0,22.0,52.8,1,0,0,0,1,0
2024-01-17,345,8,28.63,56.71,2,0,42.05,intermediate,48.17,1.0,17.0,43.125,1,0,0,0,0,1
2024-06-10,260,11,30.15,58.89,0,0,44.52,intermediate,45.56,6.0,10.0,23.636363636363637,1,0,0,0,1,0
2024-12-03,343,5,16.4,72.79,1,0,19.65,beginner,48.08,12.0,3.0,68.6,0,0,0,0,1,0
2024-12-29,261,7,30.14,77.49,6,0,23.81,beginner,44.96,12.0,29.0,37.285714285714285,0,0,0,1,0,0
2024-09-27,226,8,22.79,73.01,4,1,16.14,intermediate,35.08,9.0,27.0,28.25,1,0,0,1,0,0
2024-04-06,305,6,14.3,64.58,5,0,39.59,intermediate,41.34,4.0,6.0,50.833333333333336,1,0,0,0,0,1
2024-10-12,298,9,14.51,74.4,5,0,26.8,expert,47.96,10.0,12.0,33.111111111111114,2,0,0,0,1,0
2024-10-19,244,8,31.21,42.01,5,0,36.05,intermediate,47.25,10.0,19.0,30.5,1,0,0,0,1,0
2024-10-13,258,8,24.48,69.91,6,0,23.41,intermediate,39.97,10.0,13.0,32.25,1,0,0,1,0,0
2024-08-11,300,10,31.29,75.43,6,1,27.45,beginner,46.77,8.0,11.0,30.0,0,1,0,0,0,0
2024-02-07,229,9,21.73,65.62,2,0,43.56,intermediate,38.37,2.0,7.0,25.444444444444443,1,0,1,0,0,0
2024-10-22,370,7,24.88,59.97,1,0,44.96,intermediate,48.48,10.0,22.0,52.857142857142854,1,0,0,0,0,1
2024-01-18,120,8,22.7,41.39,3,0,30.74,beginner,35.61,1.0,18.0,15.0,0,0,0,0,1,0
2024-10-28,265,7,22.79,46.2,0,0,20.65,expert,33.47,10.0,28.0,37.857142857142854,2,0,0,0,1,0
2024-02-08,201,7,26.0,35.7,3,0,25.58,beginner,32.02,2.0,8.0,28.714285714285715,0,0,0,0,0,1
2024-11-01,329,9,22.98,55.15,4,0,26.8,beginner,41.63,11.0,1.0,36.55555555555556,0,0,0,1,0,0
2024-02-21,285,9,25.14,60.17,2,0,40.34,intermediate,57.74,2.0,21.0,31.666666666666668,1,0,0,0,1,0
,213,6,15.82,50.24,1,0,30.74,intermediate,30.59,,,35.5,1,0,0,0,0,1
2024-07-20,302,12,22.79,75.98,5,0,42.68,expert,45.84,7.0,20.0,25.166666666666668,2,0,1,0,0,0
2024-06-25,272,5,23.43,53.84,1,1,38.82,intermediate,54.7,6.0,25.0,54.4,1,0,0,0,1,0
2024-02-23,185,10,18.76,71.59,4,0,18.89,intermediate,25.17,2.0,23.0,18.5,1,0,0,1,0,0
2024-03-07,183,5,22.79,67.46,3,0,29.63,expert,31.92,3.0,7.0,36.6,2,1,0,0,0,0
2024-11-19,203,9,13.96,70.65,1,0,45.6,intermediate,42.95,11.0,19.0,22.555555555555557,1,0,0,1,0,0
2024-08-19,248,9,24.22,77.5,0,0,36.01,expert,44.09,8.0,19.0,27.555555555555557,2,0,0,1,0,0
2024-09-26,332,3,30.27,40.84,3,0,30.74,intermediate,43.94,9.0,26.0,110.66666666666667,1,1,0,0,0,0
2024-06-19,316,7,17.98,75.25,2,1,32.69,intermediate,52.0,6.0,19.0,45.142857142857146,1,0,0,0,0,1
2024-02-05,253,9,25.35,57.09,0,0,31.99,beginner,35.97,2.0,5.0,28.11111111111111,0,0,0,0,0,1
2024-03-07,198,6,15.17,60.04,3,0,44.1,beginner,50.02,3.0,7.0,33.0,0,0,0,1,0,0
2024-03-26,222,10,18.92,41.87,1,0,39.6,intermediate,45.23,3.0,26.0,22.2,1,0,0,0,1,0
2024-10-18,258,12,21.54,68.38,4,0,33.31,expert,32.19,10.0,18.0,21.5,2,0,1,0,0,0
2024-05-21,222,8,21.77,55.87,1,0,27.64,beginner,41.09,5.0,21.0,27.75,0,0,0,0,1,0
2024-09-24,265,10,24.62,50.05,1,1,45.76,expert,43.62,9.0,24.0,26.5,2,0,1,0,0,0
2024-09-03,136,7,14.37,51.44,1,0,24.51,intermediate,31.4,9.0,3.0,19.428571428571427,1,0,0,0,1,0
2024-11-03,281,8,22.91,58.94,6,1,18.85,intermediate,35.83,11.0,3.0,35.125,1,1,0,0,0,0
2024-09-20,427,12,29.18,58.7,4,0,47.15,intermediate,53.36,9.0,20.0,35.583333333333336,1,1,0,0,0,0
2024-10-22,205,7,24.69,51.56,1,0,21.36,expert,25.31,10.0,22.0,29.285714285714285,2,0,0,0,0,1
2024-07-11,216,5,27.34,57.9,3,0,22.99,intermediate,34.85,7.0,11.0,43.2,1,1,0,0,0,0
2024-04-17,265,12,16.94,50.51,2,0,30.74,expert,37.44,4.0,17.0,22.083333333333332,2,1,0,0,0,0
2024-06-07,240,10,16.11,69.72,4,1,37.88,intermediate,55.13,6.0,7.0,24.0,1,0,0,0,1,0
2024-05-23,154,10,22.76,73.03,3,1,24.11,intermediate,31.76,5.0,23.0,15.4,1,1,0,0,0,0
2024-05-06,261,8,33.12,50.03,0,0,20.49,beginner,37.09,5.0,6.0,32.625,0,0,0,1,0,0
2024-01-05,270,10,26.03,62.93,4,1,12.9,intermediate,38.41,1.0,5.0,27.0,1,0,0,0,1,0
2024-02-04,264,7,20.78,52.36,6,0,30.98,intermediate,34.9,2.0,4.0,37.714285714285715,1,0,0,1,0,0
2024-03-03,365,6,19.52,43.55,6,0,19.86,intermediate,36.21,3.0,3.0,60.833333333333336,1,0,0,0,1,0
2024-11-06,244,5,18.21,50.81,2,0,30.73,expert,31.33,11.0,6.0,48.8,2,0,1,0,0,0
2024-05-03,179,3,25.98,80.16,4,0,26.06,intermediate,38.76,5.0,3.0,59.666666666666664,1,1,0,0,0,0
2024-06-29,192,4,25.02,58.36,5,0,27.29,expert,34.24,6.0,29.0,48.0,2,0,0,0,0,1
2024-04-20,261,12,24.59,37.5,5,0,37.63,expert,34.74,4.0,20.0,21.75,2,0,0,1,0,0
2024-11-02,171,12,18.2,74.45,5,0,20.08,intermediate,37.99,11.0,2.0,14.25,1,0,1,0,0,0
2024-05-18,286,9,15.68,40.54,5,0,28.51,beginner,39.61,5.0,18.0,31.77777777777778,0,0,0,1,0,0
2024-04-28,181,12,21.1,57.3,6,0,36.78,expert,29.27,4.0,28.0,15.083333333333334,2,0,1,0,0,0
2024-02-04,265,14,22.79,38.31,6,1,25.63,expert,36.31,2.0,4.0,18.928571428571427,2,1,0,0,0,0
2024-01-14,236,15,25.89,67.55,6,0,35.67,expert,32.69,1.0,14.0,15.733333333333333,2,0,0,1,0,0
2024-10-25,332,5,24.91,53.09,4,0,30.74,beginner,46.11,10.0,25.0,66.4,0,0,0,0,1,0
2024-12-27,293,13,22.79,49.39,4,0,30.34,intermediate,41.63,12.0,27.0,22.53846153846154,1,0,0,0,1,0
2024-03-30,142,10,27.97,49.21,5,0,25.84,intermediate,35.12,3.0,30.0,14.2,1,0,0,0,1,0
2024-02-11,235,10,22.15,71.58,6,0,26.44,intermediate,42.49,2.0,11.0,23.5,1,0,0,1,0,0
2024-10-06,302,5,22.79,51.97,6,0,40.93,beginner,44.32,10.0,6.0,60.4,0,0,0,1,0,0
2024-02-25,220,8,22.79,58.27,6,0,40.89,expert,34.55,2.0,25.0,27.5,2,1,0,0,0,0
2024-09-07,295,12,19.25,54.7,5,0,37.85,expert,44.07,9.0,7.0,24.583333333333332,2,0,0,1,0,0
2024-10-08,239,10,26.77,46.09,1,0,29.83,beginner,43.16,10.0,8.0,23.9,0,0,0,1,0,0
2024-08-11,237,11,28.98,46.17,6,0,25.9,beginner,36.13,8.0,11.0,21.545454545454547,0,0,0,1,0,0
2024-07-13,287,3,11.99,71.33,5,0,42.66,intermediate,54.17,7.0,13.0,95.66666666666667,1,0,1,0,0,0
,142,6,22.58,83.13,0,0,21.73,intermediate,42.44,,,23.666666666666668,1,0,0,1,0,0
2024-02-19,278,8,13.74,41.87,0,0,21.74,beginner,41.19,2.0,19.0,34.75,0,0,0,0,1,0
2024-10-26,84,5,25.53,67.33,5,0,26.83,intermediate,33.6,10.0,26.0,16.8,1,0,0,1,0,0
2024-06-11,266,10,27.62,39.91,1,1,28.33,beginner,51.23,6.0,11.0,26.6,0,0,0,1,0,0
2024-02-13,280,5,18.12,63.54,1,1,30.74,beginner,39.83,2.0,13.0,56.0,0,0,0,1,0,0
2024-07-19,261,8,20.2,72.56,4,0,15.99,intermediate,21.1,7.0,19.0,32.625,1,1,0,0,0,0
2024-07-16,261,11,21.2,69.89,1,0,39.26,beginner,37.37,7.0,16.0,23.727272727272727,0,0,1,0,0,0
2024-09-18,180,14,18.15,54.23,2,1,30.25,beginner,41.67,9.0,18.0,12.857142857142858,0,1,0,0,0,0
2024-04-21,180,8,17.76,50.07,6,1,25.05,expert,37.1,4.0,21.0,22.5,2,0,0,1,0,0
2024-06-07,191,5,22.5,70.13,4,0,25.97,beginner,33.37,6.0,7.0,38.2,0,0,0,0,1,0
2024-11-19,404,3,21.22,67.1,1,0,30.74,intermediate,46.69,11.0,19.0,134.66666666666666,1,0,0,0,1,0
2024-11-30,240,8,21.61,44.22,5,0,31.01,beginner,45.47,11.0,30.0,30.0,0,0,0,0,1,0
2024-12-03,315,8,16.16,75.0,1,0,21.73,beginner,36.42,12.0,3.0,39.375,0,0,1,0,0,0
2024-09-24,278,10,22.79,61.79,1,0,23.56,beginner,33.45,9.0,24.0,27.8,0,0,0,0,1,0
2024-04-03,206,7,14.59,50.88,2,0,45.13,beginner,46.2,4.0,3.0,29.428571428571427,0,0,0,0,1,0
2024-06-27,147,4,16.27,61.43,3,0,24.26,intermediate,28.65,6.0,27.0,36.75,1,0,0,0,0,1
2024-07-22,210,4,22.75,58.25,0,0,13.31,intermediate,28.99,7.0,22.0,52.5,1,0,0,0,1,0
2024-03-01,261,8,27.23,59.34,4,1,12.74,expert,32.36,3.0,1.0,32.625,2,1,0,0,0,0
2024-03-13,318,7,25.31,45.38,2,0,35.73,beginner,46.38,3.0,13.0,45.42857142857143,0,0,0,0,1,0
2024-03-19,297,3,31.23,78.2,1,0,17.46,beginner,47.57,3.0,19.0,99.0,0,0,0,0,1,0
2024-07-17,102,13,18.56,56.08,2,0,37.18,intermediate,43.63,7.0,17.0,7.846153846153846,1,0,0,0,0,1
2024-07-20,267,8,20.39,60.01,5,0,21.66,intermediate,42.08,7.0,20.0,33.375,1,0,0,1,0,0
2024-04-12,296,8,25.97,60.0,4,1,30.74,beginner,48.86,4.0,12.0,37.0,0,0,0,0,1,0
2024-01-22,257,10,25.81,79.38,0,1,17.02,beginner,42.02,1.0,22.0,25.7,0,0,0,1,0,0
2024-09-08,232,9,22.79,46.69,6,0,23.09,intermediate,38.45,9.0,8.0,25.77777777777778,1,0,1,0,0,0
2024-01-03,279,11,23.37,46.08,2,1,24.83,expert,39.88,1.0,3.0,25.363636363636363,2,0,0,0,1,0
2024-10-05,267,12,25.14,59.42,5,0,46.66,intermediate,46.31,10.0,5.0,22.25,1,0,1,0,0,0
2024-09-20,434,12,25.12,68.12,4,0,29.57,intermediate,52.04,9.0,20.0,36.166666666666664,1,1,0,0,0,0
2024-02-22,233,8,22.79,81.87,3,0,50.18,beginner,63.78,2.0,22.0,29.125,0,0,0,0,1,0
2024-06-27,267,7,19.33,35.97,3,0,25.34,intermediate,29.5,6.0,27.0,38.142857142857146,1,0,1,0,0,0
2024-01-09,180,8,24.13,75.83,1,0,27.07,intermediate,37.64,1.0,9.0,22.5,1,0,0,0,1,0
2024-06-01,142,6,24.47,68.26,5,0,24.39,beginner,34.08,6.0,1.0,23.666666666666668,0,0,0,1,0,0
2024-10-20,140,3,31.86,58.27,6,1,30.74,intermediate,41.01,10.0,20.0,46.666666666666664,1,0,0,0,1,0
2024-04-23,186,8,19.33,63.67,1,0,37.35,intermediate,40.44,4.0,23.0,23.25,1,0,0,1,0,0
2024-09-29,176,8,22.79,58.39,6,0,18.5,intermediate,29.51,9.0,29.0,22.0,1,0,0,1,0,0
2024-04-27,188,9,23.46,59.59,5,0,28.13,intermediate,27.29,4.0,27.0,20.88888888888889,1,0,0,1,0,0
2024-03-02,216,7,22.59,78.62,5,0,35.95,intermediate,45.09,3.0,2.0,30.857142857142858,1,0,0,1,0,0
2024-01-24,345,5,20.52,42.93,2,0,39.15,intermediate,53.9,1.0,24.0,69.0,1,1,0,0,0,0
2024-03-20,317,10,23.34,69.33,2,0,32.65,beginner,57.64,3.0,20.0,31.7,0,0,0,0,1,0
2024-11-23,200,9,29.21,51.6,5,1,27.36,beginner,34.66,11.0,23.0,22.22222222222222,0,0,0,0,0,1
2024-04-19,318,7,22.79,50.92,4,0,31.5,beginner,44.28,4.0,19.0,45.42857142857143,0,0,0,1,0,0
2024-11-14,150,8,30.6,78.1,3,0,29.94,intermediate,39.12,11.0,14.0,18.75,1,0,0,1,0,0
2024-02-12,257,9,28.59,55.74,0,0,42.8,beginner,59.51,2.0,12.0,28.555555555555557,0,0,0,0,1,0
2024-02-16,261,6,26.79,51.35,4,0,27.69,beginner,46.54,2.0,16.0,43.5,0,1,0,0,0,0
2024-02-22,80,7,22.79,65.47,3,1,25.91,beginner,41.66,2.0,22.0,11.428571428571429,0,0,0,0,1,0
2024-08-14,150,11,27.86,56.86,2,0,34.47,expert,35.77,8.0,14.0,13.636363636363637,2,0,1,0,0,0
2024-01-31,158,6,18.98,63.83,2,0,33.78,beginner,40.65,1.0,31.0,26.333333333333332,0,0,0,0,0,1
2024-08-20,176,8,26.15,55.18,1,0,26.22,intermediate,42.66,8.0,20.0,22.0,1,0,0,0,1,0
2024-08-09,282,8,21.28,48.44,4,0,30.74,beginner,27.77,8.0,9.0,35.25,0,0,0,1,0,0
2024-06-07,118,8,22.79,58.91,4,1,25.72,beginner,41.04,6.0,7.0,14.75,0,0,0,0,0,1
2024-05-29,183,8,23.5,68.15,2,1,31.86,intermediate,39.69,5.0,29.0,22.875,1,0,1,0,0,0
,259,10,25.19,61.48,3,1,20.62,intermediate,40.76,,,25.9,1,0,0,0,1,0
2024-03-25,433,5,24.79,66.79,0,0,46.83,expert,51.85,3.0,25.0,86.6,2,0,0,0,0,1
2024-10-19,312,8,29.35,55.12,5,1,29.91,beginner,43.07,10.0,19.0,39.0,0,0,0,0,0,1
2024-07-27,322,7,25.07,74.5,5,0,27.89,intermediate,40.02,7.0,27.0,46.0,1,0,0,0,0,1
2024-01-01,247,8,20.61,78.82,0,0,30.74,intermediate,28.45,1.0,1.0,30.875,1,0,0,0,1,0
2024-02-16,321,8,30.72,62.03,4,0,20.89,beginner,43.38,2.0,16.0,40.125,0,0,0,0,1,0
2024-10-06,324,6,22.79,75.21,6,0,35.32,beginner,53.37,10.0,6.0,54.0,0,1,0,0,0,0
2024-04-19,348,8,19.17,49.87,4,0,30.74,beginner,46.25,4.0,19.0,43.5,0,0,0,0,1,0
2024-08-03,175,8,26.96,75.89,5,0,39.31,beginner,51.06,8.0,3.0,21.875,0,0,0,0,0,1
,204,6,29.76,67.33,4,0,48.31,intermediate,48.87,,,34.0,1,0,0,0,1,0
2024-07-15,155,8,21.88,47.91,0,0,14.24,beginner,28.03,7.0,15.0,19.375,0,1,0,0,0,0
2024-03-12,308,10,28.55,69.93,1,0,26.92,intermediate,28.96,3.0,12.0,30.8,1,0,1,0,0,0
2024-09-12,270,7,21.0,70.86,3,0,30.87,beginner,54.5,9.0,12.0,38.57142857142857,0,0,0,0,1,0
2024-04-27,282,13,28.23,69.58,5,0,43.43,expert,41.69,4.0,27.0,21.692307692307693,2,0,0,0,0,1
2024-12-08,289,7,26.21,54.25,6,0,22.21,expert,45.63,12.0,8.0,41.285714285714285,2,0,0,0,0,1
2024-10-28,284,12,24.81,65.68,0,0,33.48,intermediate,40.63,10.0,28.0,23.666666666666668,1,0,0,1,0,0
2024-02-13,124,8,29.05,57.91,1,0,33.09,intermediate,39.09,2.0,13.0,15.5,1,0,0,0,0,1
2024-07-28,288,8,21.91,52.59,6,0,21.75,intermediate,41.31,7.0,28.0,36.0,1,0,0,0,0,1
2024-03-27,80,5,22.15,62.51,2,0,28.76,intermediate,27.87,3.0,27.0,16.0,1,0,0,0,0,1
2024-03-26,177,9,25.12,59.29,1,0,19.27,intermediate,33.2,3.0,26.0,19.666666666666668,1,0,0,0,1,0
2024-01-25,303,7,24.13,65.94,3,0,29.06,expert,29.49,1.0,25.0,43.285714285714285,2,0,0,0,0,1
2024-01-04,336,5,22.79,47.71,3,1,16.49,expert,44.09,1.0,4.0,67.2,2,0,0,0,1,0
2024-07-22,261,6,24.6,54.2,0,0,16.57,beginner,35.14,7.0,22.0,43.5,0,0,0,0,1,0
2024-06-27,242,5,20.56,67.07,3,1,27.27,beginner,35.03,6.0,27.0,48.4,0,0,0,0,0,1
2024-08-19,80,8,23.51,45.83,0,0,39.08,intermediate,36.03,8.0,19.0,10.0,1,0,0,0,0,1
2024-07-06,318,8,20.56,47.41,5,0,27.83,intermediate,40.09,7.0,6.0,39.75,1,0,0,0,0,1
2024-10-03,281,7,22.79,59.24,3,0,31.38,intermediate,40.25,10.0,3.0,40.142857142857146,1,0,0,1,0,0
2024-06-30,261,8,29.29,50.07,6,0,44.25,intermediate,54.04,6.0,30.0,32.625,1,0,0,0,1,0
2024-06-05,197,3,19.0,52.15,2,0,23.19,expert,26.3,6.0,5.0,65.66666666666667,2,0,0,1,0,0
2024-08-27,283,11,21.28,57.51,1,0,47.54,beginner,45.01,8.0,27.0,25.727272727272727,0,0,0,0,1,0
2024-05-31,275,4,27.12,73.25,4,0,47.66,intermediate,49.65,5.0,31.0,68.75,1,0,0,1,0,0
2024-11-06,129,5,17.61,54.78,2,0,37.38,intermediate,37.97,11.0,6.0,25.8,1,0,1,0,0,0
2024-06-28,308,9,34.19,49.09,4,0,33.68,intermediate,50.07,6.0,28.0,34.22222222222222,1,0,0,1,0,0
2024-06-16,358,11,22.2,39.87,6,0,30.74,expert,33.81,6.0,16.0,32.54545454545455,2,1,0,0,0,0
2024-04-21,233,15,22.75,49.51,6,1,36.9,expert,48.79,4.0,21.0,15.533333333333333,2,0,0,0,1,0
2024-05-26,395,4,14.67,90.0,6,0,34.68,expert,47.9,5.0,26.0,98.75,2,0,0,0,0,1
2024-12-04,370,6,29.69,54.01,2,0,30.74,intermediate,45.67,12.0,4.0,61.666666666666664,1,0,0,1,0,0
2024-06-19,361,10,25.73,65.08,2,0,34.59,intermediate,54.13,6.0,19.0,36.1,1,0,0,0,1,0
2024-03-05,80,10,22.8,59.93,1,0,40.21,intermediate,34.27,3.0,5.0,8.0,1,1,0,0,0,0
2024-10-29,324,9,22.79,43.1,1,1,36.19,beginner,58.95,10.0,29.0,36.0,0,0,0,0,1,0
2024-02-27,261,8,18.91,76.32,1,0,43.14,beginner,50.66,2.0,27.0,32.625,0,0,0,1,0,0
2024-02-26,249,9,24.84,44.24,0,0,35.22,beginner,46.07,2.0,26.0,27.666666666666668,0,0,0,0,0,1
2024-12-06,249,3,33.61,47.25,4,0,30.74,intermediate,44.43,12.0,6.0,83.0,1,0,0,0,1,0
2024-06-13,318,6,25.1,58.07,3,0,27.37,expert,38.01,6.0,13.0,53.0,2,0,1,0,0,0
2024-11-20,265,9,20.95,57.33,2,1,24.71,beginner,52.24,11.0,20.0,29.444444444444443,0,0,0,0,1,0
2024-08-04,309,8,22.79,47.62,6,0,33.36,expert,47.35,8.0,4.0,38.625,2,0,0,0,1,0
2024-07-24,179,10,29.77,44.87,2,1,31.49,beginner,39.7,7.0,24.0,17.9,0,1,0,0,0,0
2024-12-12,241,6,32.77,73.78,3,0,30.74,expert,37.5,12.0,12.0,40.166666666666664,2,0,0,1,0,0
2024-11-08,332,10,22.79,72.04,4,1,45.49,intermediate,61.46,11.0,8.0,33.2,1,0,0,0,1,0
2024-10-22,209,7,26.5,67.4,1,0,16.88,intermediate,23.78,10.0,22.0,29.857142857142858,1,0,0,1,0,0
2024-05-26,261,8,28.47,67.03,6,1,30.74,intermediate,45.79,5.0,26.0,32.625,1,0,0,0,1,0
2024-11-10,284,9,20.09,66.98,6,0,39.86,intermediate,49.32,11.0,10.0,31.555555555555557,1,0,0,1,0,0
2024-01-05,165,5,17.72,56.85,4,0,30.74,beginner,28.68,1.0,5.0,33.0,0,0,0,0,0,1
2024-12-29,277,7,20.56,72.7,6,1,18.16,intermediate,43.01,12.0,29.0,39.57142857142857,1,0,0,1,0,0
2024-05-26,334,10,24.91,48.79,6,0,30.74,beginner,52.78,5.0,26.0,33.4,0,0,0,0,1,0
2024-02-21,262,10,26.93,52.78,2,0,34.58,intermediate,38.21,2.0,21.0,26.2,1,0,0,1,0,0
2024-08-30,323,8,24.36,57.26,4,0,44.99,expert,58.8,8.0,30.0,40.375,2,0,0,0,1,0
2024-07-19,404,8,24.88,66.15,4,0,21.48,intermediate,51.15,7.0,19.0,50.5,1,0,0,0,1,0
2024-09-28,278,6,24.65,47.89,5,0,39.14,intermediate,50.91,9.0,28.0,46.333333333333336,1,0,0,0,1,0
2024-12-23,259,6,17.11,40.36,0,0,24.16,intermediate,36.89,12.0,23.0,43.166666666666664,1,1,0,0,0,0
,314,8,22.79,57.21,5,0,30.72,intermediate,43.48,,,39.25,1,1,0,0,0,0
2024-04-07,233,11,23.01,46.41,6,0,33.06,intermediate,38.82,4.0,7.0,21.181818181818183,1,0,0,0,1,0
2024-03-27,302,5,27.52,41.97,2,0,41.82,intermediate,40.98,3.0,27.0,60.4,1,0,0,0,0,1
2024-01-22,208,3,29.06,55.73,0,0,50.53,intermediate,56.68,1.0,22.0,69.33333333333333,1,1,0,0,0,0
2024-03-29,242,4,22.79,66.53,4,0,32.93,beginner,43.39,3.0,29.0,60.5,0,1,0,0,0,0
2024-11-07,224,8,13.57,29.85,3,0,40.64,intermediate,39.96,11.0,7.0,28.0,1,0,0,0,0,1
2024-01-03,101,8,21.95,47.91,2,0,27.24,expert,36.09,1.0,3.0,12.625,2,0,0,0,1,0
2024-09-08,185,12,22.79,46.46,6,0,30.74,beginner,34.77,9.0,8.0,15.416666666666666,0,0,0,0,1,0
2024-12-23,279,10,18.61,68.6,0,0,28.77,intermediate,38.66,12.0,23.0,27.9,1,0,1,0,0,0
2024-11-04,337,6,25.54,58.42,0,0,32.39,intermediate,41.23,11.0,4.0,56.166666666666664,1,0,1,0,0,0
2024-04-12,261,7,17.87,61.69,4,0,41.16,expert,41.61,4.0,12.0,37.285714285714285,2,0,1,0,0,0
2024-12-20,242,9,24.78,37.76,4,0,31.7,intermediate,32.06,12.0,20.0,26.88888888888889,1,0,0,0,0,1
,291,7,15.89,59.19,3,0,24.95,expert,25.52,,,41.57142857142857,2,0,1,0,0,0
2024-06-12,185,3,24.64,43.22,2,0,32.19,intermediate,27.44,6.0,12.0,61.666666666666664,1,0,1,0,0,0
2024-04-08,326,12,15.32,65.47,0,0,23.78,intermediate,48.91,4.0,8.0,27.166666666666668,1,0,0,0,1,0
2024-03-14,174,13,24.41,62.41,3,0,19.36,expert,36.31,3.0,14.0,13.384615384615385,2,0,0,0,1,0
2024-07-08,221,7,21.06,56.12,0,1,47.23,intermediate,42.93,7.0,8.0,31.571428571428573,1,0,0,0,0,1
2024-01-10,276,9,19.46,71.25,2,0,30.47,intermediate,43.46,1.0,10.0,30.666666666666668,1,1,0,0,0,0
2024-07-01,251,7,23.37,58.34,0,1,46.58,beginner,53.02,7.0,1.0,35.857142857142854,0,0,1,0,0,0
2024-04-30,306,9,31.5,53.36,1,0,44.17,beginner,59.8,4.0,30.0,34.0,0,0,0,0,0,1
2024-01-31,291,10,18.08,34.61,2,0,26.82,beginner,36.62,1.0,31.0,29.1,0,0,1,0,0,0
2024-02-01,256,5,26.71,54.1,3,0,22.84,intermediate,44.87,2.0,1.0,51.2,1,0,0,0,1,0
2024-10-10,411,15,23.55,75.92,3,1,38.64,beginner,55.12,10.0,10.0,27.4,0,0,1,0,0,0
2024-06-01,220,10,20.58,63.76,5,0,34.8,expert,37.83,6.0,1.0,22.0,2,0,0,0,1,0
2024-04-03,255,6,25.08,64.11,2,0,31.9,expert,46.05,4.0,3.0,42.5,2,0,0,0,1,0
2024-10-09,215,9,23.36,52.56,2,1,26.46,expert,35.24,10.0,9.0,23.88888888888889,2,1,0,0,0,0
2024-04-19,277,9,21.21,58.2,4,1,26.41,beginner,47.83,4.0,19.0,30.77777777777778,0,0,1,0,0,0
2024-11-08,281,5,23.09,67.0,4,0,44.53,intermediate,38.42,11.0,8.0,56.2,1,0,0,0,0,1
2024-06-06,241,8,25.88,54.77,3,1,33.64,intermediate,52.66,6.0,6.0,30.125,1,1,0,0,0,0
2024-09-01,232,4,24.76,72.39,6,0,37.16,beginner,49.79,9.0,1.0,58.0,0,0,0,0,1,0
2024-07-23,262,8,20.79,48.08,1,0,14.3,intermediate,32.4,7.0,23.0,32.75,1,0,0,0,1,0
2024-02-10,261,9,22.79,37.34,5,0,30.74,beginner,50.11,2.0,10.0,29.0,0,0,0,0,0,1
2024-10-20,375,10,16.64,72.45,6,1,35.98,beginner,62.61,10.0,20.0,37.5,0,0,0,0,0,1
2024-10-06,431,9,28.61,60.0,6,0,28.06,intermediate,47.36,10.0,6.0,47.888888888888886,1,1,0,0,0,0
2024-11-10,238,7,21.83,57.99,6,0,42.4,intermediate,36.86,11.0,10.0,34.0,1,0,0,0,0,1
2024-08-18,201,4,15.66,41.21,6,0,27.8,beginner,27.22,8.0,18.0,50.25,0,0,1,0,0,0
2024-01-13,159,11,25.09,51.4,5,0,30.24,intermediate,35.09,1.0,13.0,14.454545454545455,1,0,0,1,0,0
2024-04-26,204,8,18.0,65.95,4,1,30.74,intermediate,40.74,4.0,26.0,25.5,1,0,0,0,0,1
2024-10-13,243,8,24.38,78.53,6,0,34.32,expert,37.47,10.0,13.0,30.375,2,0,0,0,1,0
2024-10-15,419,6,19.65,64.96,1,1,30.74,intermediate,51.93,10.0,15.0,69.83333333333333,1,0,0,0,1,0
2024-04-15,371,9,16.38,71.9,0,0,34.52,expert,60.36,4.0,15.0,41.22222222222222,2,1,0,0,0,0
2024-03-01,243,9,15.03,38.98,4,0,39.28,intermediate,37.4,3.0,1.0,27.0,1,0,0,1,0,0
2024-10-07,311,7,22.79,45.95,0,0,31.68,intermediate,45.57,10.0,7.0,44.42857142857143,1,1,0,0,0,0
2024-06-01,232,11,22.19,58.4,5,0,17.33,beginner,29.31,6.0,1.0,21.09090909090909,0,1,0,0,0,0
2024-12-18,251,4,22.79,53.31,2,0,41.42,beginner,54.8,12.0,18.0,62.75,0,1,0,0,0,0
2024-05-29,266,9,31.21,54.11,2,0,51.14,beginner,58.81,5.0,29.0,29.555555555555557,0,0,0,0,1,0
2024-09-13,223,11,22.79,48.02,4,0,21.48,intermediate,25.96,9.0,13.0,20.272727272727273,1,0,0,0,0,1
2024-02-13,300,6,19.74,69.5,1,0,30.74,intermediate,49.35,2.0,13.0,50.0,1,0,0,0,1,0
2024-02-26,153,11,25.79,78.91,0,1,35.43,beginner,46.04,2.0,26.0,13.909090909090908,0,0,0,1,0,0
2024-01-31,322,11,16.73,48.78,2,0,31.14,expert,37.71,1.0,31.0,29.272727272727273,2,0,0,0,0,1
2024-05-01,136,10,31.61,50.56,2,0,32.75,intermediate,41.06,5.0,1.0,13.6,1,1,0,0,0,0
2024-06-22,354,5,25.34,66.42,5,1,45.13,beginner,56.1,6.0,22.0,70.8,0,0,1,0,0,0
2024-12-30,294,8,19.77,88.42,0,0,10.81,expert,29.03,12.0,30.0,36.75,2,0,0,0,0,1
2024-08-26,392,3,24.48,59.45,0,0,32.1,intermediate,53.81,8.0,26.0,130.66666666666666,1,0,0,1,0,0
2024-06-29,269,12,17.49,55.86,5,1,24.34,beginner,42.83,6.0,29.0,22.416666666666668,0,0,0,1,0,0
2024-10-10,213,5,31.12,65.73,3,0,41.36,intermediate,36.57,10.0,10.0,42.6,1,0,1,0,0,0
2024-10-03,241,7,18.03,67.68,3,0,38.66,expert,36.72,10.0,3.0,34.42857142857143,2,0,0,0,0,1
2024-05-23,261,8,22.79,52.41,3,0,24.03,intermediate,28.67,5.0,23.0,32.625,1,0,1,0,0,0
2024-11-27,170,7,17.0,59.52,2,0,29.09,intermediate,45.67,11.0,27.0,24.285714285714285,1,1,0,0,0,0
2024-01-12,178,11,21.24,56.94,4,0,21.9,expert,22.26,1.0,12.0,16.181818181818183,2,0,0,0,0,1
2024-11-19,267,7,25.55,50.67,1,0,31.05,intermediate,39.52,11.0,19.0,38.142857142857146,1,0,0,0,1,0
2024-04-15,261,11,28.22,58.95,0,0,26.39,expert,35.53,4.0,15.0,23.727272727272727,2,1,0,0,0,0
2024-11-25,325,8,30.4,63.8,0,0,40.08,beginner,48.69,11.0,25.0,40.625,0,0,1,0,0,0
2024-11-30,329,10,24.69,72.47,5,0,30.74,intermediate,29.95,11.0,30.0,32.9,1,0,0,0,1,0
2024-10-09,345,6,26.48,34.27,2,0,30.74,intermediate,52.64,10.0,9.0,57.5,1,0,0,0,1,0
2024-07-21,175,9,22.11,61.64,6,0,25.61,intermediate,29.23,7.0,21.0,19.444444444444443,1,0,0,0,1,0
2024-01-19,333,5,24.84,63.42,4,0,30.74,expert,42.55,1.0,19.0,66.6,2,0,0,0,1,0
2024-02-29,226,8,15.65,52.12,3,0,26.01,intermediate,26.32,2.0,29.0,28.25,1,0,0,0,0,1
2024-04-21,140,10,20.77,35.83,6,0,35.69,beginner,41.12,4.0,21.0,14.0,0,0,0,0,1,0
2024-11-09,261,5,16.65,49.76,5,0,28.62,expert,49.65,11.0,9.0,52.2,2,0,0,0,1,0
2024-01-01,292,11,24.32,51.59,0,0,27.01,expert,37.32,1.0,1.0,26.545454545454547,2,0,0,0,0,1
2024-09-21,247,6,15.67,67.69,5,0,46.1,beginner,39.43,9.0,21.0,41.166666666666664,0,0,0,0,1,0
2024-03-22,118,3,23.74,57.43,4,0,35.78,intermediate,35.74,3.0,22.0,39.333333333333336,1,0,0,0,1,0
2024-03-14,248,11,19.54,57.28,3,0,20.29,intermediate,26.19,3.0,14.0,22.545454545454547,1,0,0,0,0,1
2024-11-25,330,7,19.2,59.15,0,1,36.58,beginner,50.01,11.0,25.0,47.142857142857146,0,0,0,0,0,1
2024-07-21,276,8,22.79,32.73,6,0,23.25,intermediate,38.59,7.0,21.0,34.5,1,0,0,0,0,1
2024-11-23,261,12,22.32,60.67,5,0,28.82,beginner,52.55,11.0,23.0,21.75,0,0,0,0,1,0
2024-09-22,218,4,22.91,31.48,6,0,28.37,beginner,36.64,9.0,22.0,54.5,0,0,0,0,0,1
2024-12-16,353,8,22.31,63.53,0,0,27.28,intermediate,49.35,12.0,16.0,44.125,1,0,0,0,1,0
2024-06-19,316,7,15.53,60.06,2,0,30.74,intermediate,39.64,6.0,19.0,45.142857142857146,1,0,1,0,0,0
2024-05-23,293,10,19.52,90.0,3,0,21.66,intermediate,43.51,5.0,23.0,29.3,1,0,0,0,0,1
2024-06-23,156,8,24.33,42.08,6,0,40.98,expert,33.31,6.0,23.0,19.5,2,0,0,0,0,1
2024-05-14,205,6,11.72,75.35,1,0,30.2,intermediate,44.04,5.0,14.0,34.166666666666664,1,1,0,0,0,0
2024-06-07,163,11,23.44,65.78,4,0,34.78,expert,33.05,6.0,7.0,14.818181818181818,2,0,0,1,0,0
2024-04-02,302,9,22.4,69.03,1,0,37.24,intermediate,45.44,4.0,2.0,33.55555555555556,1,0,0,0,1,0
2024-04-28,228,12,21.34,89.12,6,0,27.46,intermediate,33.44,4.0,28.0,19.0,1,1,0,0,0,0
2024-08-25,159,5,20.77,37.13,6,0,19.49,intermediate,29.92,8.0,25.0,31.8,1,1,0,0,0,0
2024-05-05,307,11,25.4,78.62,6,0,32.11,intermediate,52.46,5.0,5.0,27.90909090909091,1,0,0,0,1,0
,264,6,29.19,52.5,3,1,25.3,beginner,42.51,,,44.0,0,0,0,0,1,0
2024-07-20,261,10,19.09,52.75,5,1,30.74,expert,33.06,7.0,20.0,26.1,2,0,0,0,0,1
2024-04-26,311,6,19.88,70.86,4,0,32.71,beginner,49.1,4.0,26.0,51.833333333333336,0,0,0,0,0,1
2024-04-17,276,7,27.77,46.25,2,1,34.3,intermediate,49.25,4.0,17.0,39.42857142857143,1,0,0,0,1,0
,288,5,27.84,38.21,0,1,20.59,intermediate,37.11,,,57.6,1,0,0,1,0,0
2024-03-30,261,5,34.21,56.8,5,1,22.36,intermediate,49.8,3.0,30.0,52.2,1,0,0,0,1,0
2024-09-25,215,9,26.83,59.4,2,0,11.75,intermediate,27.37,9.0,25.0,23.88888888888889,1,0,0,0,1,0
2024-02-20,236,4,20.67,54.07,1,1,44.02,expert,58.37,2.0,20.0,59.0,2,0,0,1,0,0
2024-07-10,210,7,19.7,60.46,2,0,34.91,intermediate,34.1,7.0,10.0,30.0,1,0,0,0,0,1
2024-01-17,243,7,13.55,60.88,2,1,22.72,expert,45.76,1.0,17.0,34.714285714285715,2,0,0,0,1,0
2024-01-21,275,10,24.95,57.18,6,1,37.04,expert,47.17,1.0,21.0,27.5,2,0,0,0,0,1
2024-06-12,250,11,23.91,41.42,2,0,28.66,intermediate,42.59,6.0,12.0,22.727272727272727,1,0,0,0,1,0
2024-04-26,338,11,24.11,64.25,4,0,31.82,intermediate,47.96,4.0,26.0,30.727272727272727,1,0,0,0,1,0
2024-04-23,370,7,23.16,32.13,1,1,42.68,intermediate,52.89,4.0,23.0,52.857142857142854,1,0,0,1,0,0
2024-09-15,335,6,24.46,86.93,6,1,20.33,intermediate,46.78,9.0,15.0,55.833333333333336,1,0,0,1,0,0
2024-07-06,189,9,15.6,87.33,5,0,37.59,intermediate,41.26,7.0,6.0,21.0,1,0,0,1,0,0
2024-06-17,211,9,22.79,46.06,0,0,41.14,intermediate,48.75,6.0,17.0,23.444444444444443,1,1,0,0,0,0
2024-04-15,283,9,19.34,70.87,0,0,37.52,beginner,49.95,4.0,15.0,31.444444444444443,0,1,0,0,0,0
2024-01-21,231,11,21.65,71.63,6,1,27.01,intermediate,34.75,1.0,21.0,21.0,1,0,0,0,0,1
2024-03-07,320,11,20.68,51.79,3,0,48.73,intermediate,52.85,3.0,7.0,29.09090909090909,1,0,0,0,1,0
2024-03-28,201,8,15.81,65.95,3,0,42.25,beginner,45.62,3.0,28.0,25.125,0,0,0,0,1,0
2024-08-19,196,9,28.43,77.14,0,1,18.24,expert,29.11,8.0,19.0,21.77777777777778,2,0,0,0,1,0
2024-10-08,207,7,29.44,44.78,1,1,22.54,beginner,42.31,10.0,8.0,29.571428571428573,0,1,0,0,0,0
2024-09-16,241,11,32.95,55.43,0,0,24.36,beginner,35.41,9.0,16.0,21.90909090909091,0,0,0,1,0,0
2024-06-08,183,6,18.07,44.63,5,0,23.64,intermediate,20.49,6.0,8.0,30.5,1,1,0,0,0,0
2024-10-05,247,13,26.95,49.78,5,0,27.53,beginner,47.97,10.0,5.0,19.0,0,0,0,0,0,1
2024-05-14,174,6,19.79,49.8,1,0,33.69,intermediate,34.2,5.0,14.0,29.0,1,0,1,0,0,0
2024-06-06,134,10,23.46,47.59,3,0,32.86,intermediate,29.31,6.0,6.0,13.4,1,0,0,1,0,0
2024-06-15,156,11,22.79,60.63,5,0,36.75,beginner,32.99,6.0,15.0,14.181818181818182,0,1,0,0,0,0
2024-03-12,233,10,27.87,56.77,1,0,30.74,intermediate,46.74,3.0,12.0,23.3,1,0,0,0,1,0
2024-08-11,261,9,31.47,56.06,6,0,15.96,intermediate,41.09,8.0,11.0,29.0,1,0,1,0,0,0
2024-03-08,315,9,22.58,52.31,4,0,26.03,intermediate,36.43,3.0,8.0,35.0,1,1,0,0,0,0
2024-10-10,212,8,26.13,69.64,3,1,30.74,intermediate,41.24,10.0,10.0,26.5,1,0,1,0,0,0
2024-07-25,223,10,17.75,79.76,3,1,42.6,intermediate,53.17,7.0,25.0,22.3,1,0,0,0,0,1
2024-11-07,130,6,21.15,45.56,3,0,30.74,intermediate,23.09,11.0,7.0,21.666666666666668,1,0,0,0,0,1
2024-10-13,261,10,30.64,60.43,6,0,38.34,intermediate,49.82,10.0,13.0,26.1,1,0,0,0,0,1
2024-02-26,147,6,31.07,58.44,0,0,33.23,beginner,34.26,2.0,26.0,24.5,0,0,0,0,0,1
2024-02-12,282,9,22.79,36.12,0,0,40.56,expert,43.3,2.0,12.0,31.333333333333332,2,0,0,0,1,0
2024-12-15,223,7,22.79,59.63,6,0,14.11,expert,37.52,12.0,15.0,31.857142857142858,2,0,0,1,0,0
2024-08-20,280,14,30.8,34.82,1,0,37.86,beginner,56.92,8.0,20.0,20.0,0,0,0,0,0,1
2024-09-26,228,8,28.2,41.96,3,0,43.83,expert,49.95,9.0,26.0,28.5,2,0,0,0,1,0
2024-06-07,393,11,22.79,62.83,4,0,29.43,beginner,45.93,6.0,7.0,35.72727272727273,0,0,0,1,0,0
2024-06-13,159,10,22.79,66.92,3,1,26.62,intermediate,41.12,6.0,13.0,15.9,1,0,0,0,0,1
2024-07-29,208,9,21.82,73.45,0,0,30.37,intermediate,38.89,7.0,29.0,23.11111111111111,1,0,0,0,1,0
2024-11-06,171,8,20.5,41.41,2,0,34.24,expert,20.95,11.0,6.0,21.375,2,0,0,0,0,1
2024-05-13,236,3,24.62,69.32,0,0,42.95,beginner,42.35,5.0,13.0,78.66666666666667,0,0,0,0,0,1
2024-10-17,281,5,23.46,57.94,3,0,30.74,expert,37.68,10.0,17.0,56.2,2,0,0,0,0,1
2024-05-13,265,7,22.79,33.66,0,0,24.3,expert,44.82,5.0,13.0,37.857142857142854,2,0,0,0,1,0
2024-03-01,354,3,20.78,64.28,4,0,31.94,intermediate,44.76,3.0,1.0,118.0,1,0,0,1,0,0
2024-06-29,246,10,27.5,42.2,5,1,22.52,intermediate,44.05,6.0,29.0,24.6,1,0,0,0,1,0
2024-06-18,131,7,19.37,55.6,1,0,34.81,intermediate,40.08,6.0,18.0,18.714285714285715,1,0,0,1,0,0
2024-05-18,333,8,25.18,61.47,5,1,31.28,intermediate,50.85,5.0,18.0,41.625,1,0,0,0,1,0
2024-07-16,317,10,18.81,60.05,1,1,49.4,beginner,62.99,7.0,16.0,31.7,0,0,0,1,0,0
2024-04-18,253,10,17.95,62.37,3,0,18.95,intermediate,30.31,4.0,18.0,25.3,1,0,0,1,0,0
2024-03-06,240,8,25.79,49.69,2,0,14.75,intermediate,30.5,3.0,6.0,30.0,1,0,0,1,0,0
2024-03-28,209,7,23.22,64.87,3,0,34.95,beginner,37.58,3.0,28.0,29.857142857142858,0,0,1,0,0,0
2024-11-05,226,13,19.86,66.73,1,1,34.74,beginner,43.39,11.0,5.0,17.384615384615383,0,0,0,1,0,0
2024-10-19,296,9,22.79,36.86,5,1,40.93,expert,55.76,10.0,19.0,32.888888888888886,2,0,0,0,0,1
2024-07-14,360,12,22.1,73.9,6,1,32.2,expert,37.66,7.0,14.0,30.0,2,0,0,0,0,1
2024-06-06,214,4,16.24,52.59,3,1,32.48,expert,39.69,6.0,6.0,53.5,2,0,0,1,0,0
2024-06-14,225,9,19.33,61.42,4,0,24.86,intermediate,29.03,6.0,14.0,25.0,1,0,0,0,0,1
2024-05-10,356,6,23.16,67.19,4,0,26.2,intermediate,45.35,5.0,10.0,59.333333333333336,1,0,0,0,1,0
2024-05-29,261,9,32.12,61.58,2,0,42.81,intermediate,51.72,5.0,29.0,29.0,1,1,0,0,0,0
2024-09-18,281,6,23.35,50.49,2,0,23.63,expert,42.5,9.0,18.0,46.833333333333336,2,0,0,1,0,0
2024-08-09,218,9,12.59,71.0,4,0,42.51,intermediate,34.85,8.0,9.0,24.22222222222222,1,0,0,0,0,1
2024-10-01,312,6,23.34,61.38,1,1,37.06,intermediate,51.21,10.0,1.0,52.0,1,0,0,1,0,0
2024-10-01,246,8,25.77,62.59,1,1,37.26,beginner,50.5,10.0,1.0,30.75,0,0,1,0,0,0
2024-04-05,353,11,21.9,54.0,4,0,22.3,expert,37.2,4.0,5.0,32.09090909090909,2,1,0,0,0,0
2024-05-19,164,7,17.76,58.37,6,1,14.87,beginner,25.87,5.0,19.0,23.428571428571427,0,1,0,0,0,0
2024-12-07,285,9,24.15,66.45,5,0,18.85,expert,34.15,12.0,7.0,31.666666666666668,2,0,0,1,0,0
2024-01-29,174,6,22.79,50.93,0,0,37.7,intermediate,37.61,1.0,29.0,29.0,1,0,0,0,0,1
2024-06-14,301,7,22.79,66.45,4,0,35.15,intermediate,52.93,6.0,14.0,43.0,1,0,0,0,1,0
2024-09-16,235,9,24.75,42.98,0,0,17.16,intermediate,21.92,9.0,16.0,26.11111111111111,1,0,0,1,0,0
2024-07-19,378,13,28.9,69.98,4,1,44.62,expert,59.06,7.0,19.0,29.076923076923077,2,0,0,0,1,0
2024-04-25,291,10,22.79,63.92,3,0,30.52,intermediate,49.88,4.0,25.0,29.1,1,1,0,0,0,0
2024-08-06,344,6,18.19,65.33,1,1,26.5,intermediate,47.21,8.0,6.0,57.333333333333336,1,0,1,0,0,0
2024-07-09,183,7,22.79,53.16,1,0,31.76,intermediate,34.74,7.0,9.0,26.142857142857142,1,0,1,0,0,0
2024-05-20,157,11,19.09,55.95,0,0,28.43,expert,42.56,5.0,20.0,14.272727272727273,2,0,0,0,1,0
2024-07-21,140,9,20.45,51.9,6,0,35.49,expert,31.3,7.0,21.0,15.555555555555555,2,1,0,0,0,0
2024-03-30,169,3,18.18,38.25,5,0,25.9,expert,23.06,3.0,30.0,56.333333333333336,2,0,0,0,0,1
2024-11-01,188,9,24.83,50.37,4,0,41.68,intermediate,40.13,11.0,1.0,20.88888888888889,1,0,1,0,0,0
2024-08-03,224,8,18.46,49.33,5,0,20.96,beginner,39.39,8.0,3.0,28.0,0,0,0,0,0,1
2024-08-16,269,9,31.18,54.54,4,0,24.04,expert,27.73,8.0,16.0,29.88888888888889,2,0,1,0,0,0
2024-11-27,195,7,21.42,43.61,2,0,27.76,beginner,30.53,11.0,27.0,27.857142857142858,0,1,0,0,0,0
2024-08-30,331,10,30.03,49.99,4,0,33.15,expert,51.27,8.0,30.0,33.1,2,0,1,0,0,0
2024-08-28,216,11,23.03,90.0,2,1,29.06,beginner,41.66,8.0,28.0,19.636363636363637,0,0,0,1,0,0
2024-10-10,260,6,26.66,60.28,3,0,24.22,beginner,35.59,10.0,10.0,43.333333333333336,0,1,0,0,0,0
2024-03-02,289,5,15.89,90.0,5,1,37.48,expert,62.33,3.0,2.0,57.8,2,0,0,0,1,0
2024-08-24,310,6,23.12,58.11,5,0,36.72,beginner,50.37,8.0,24.0,51.666666666666664,0,1,0,0,0,0
2024-03-27,279,8,31.46,79.23,2,0,38.77,intermediate,51.86,3.0,27.0,34.875,1,1,0,0,0,0
2024-10-16,284,8,16.16,41.97,2,0,38.53,intermediate,42.32,10.0,16.0,35.5,1,0,0,1,0,0
2024-01-27,371,6,22.44,57.6,5,0,30.59,expert,37.08,1.0,27.0,61.833333333333336,2,0,0,0,0,1
2024-01-21,202,9,24.26,73.06,6,1,18.29,intermediate,33.63,1.0,21.0,22.444444444444443,1,0,0,0,1,0
2024-07-23,435,11,23.06,53.7,1,0,30.62,intermediate,48.98,7.0,23.0,39.54545454545455,1,0,0,0,0,1
2024-04-21,194,10,26.79,61.36,6,0,16.28,beginner,29.36,4.0,21.0,19.4,0,0,1,0,0,0
2024-04-07,401,11,27.44,50.48,6,0,35.35,expert,53.68,4.0,7.0,36.45454545454545,2,1,0,0,0,0
2024-12-13,177,6,16.13,40.36,4,0,47.97,beginner,51.37,12.0,13.0,29.5,0,0,0,0,1,0
2024-04-08,302,13,19.66,71.77,0,1,30.74,intermediate,41.38,4.0,8.0,23.23076923076923,1,0,0,0,0,1
2024-01-15,179,9,22.54,64.18,0,0,30.74,intermediate,48.9,1.0,15.0,19.88888888888889,1,0,0,0,1,0
2024-03-25,244,5,20.0,54.1,0,0,39.58,beginner,50.18,3.0,25.0,48.8,0,0,0,0,0,1
2024-04-21,289,10,22.06,28.0,6,0,43.02,intermediate,40.48,4.0,21.0,28.9,1,0,0,0,0,1
2024-10-20,217,9,21.48,45.6,6,1,34.63,intermediate,32.09,10.0,20.0,24.11111111111111,1,0,1,0,0,0
2024-01-20,127,8,17.99,44.46,5,1,25.81,intermediate,34.09,1.0,20.0,15.875,1,0,0,1,0,0
2024-08-19,295,7,33.15,58.45,0,0,27.26,beginner,43.31,8.0,19.0,42.142857142857146,0,1,0,0,0,0
2024-06-03,284,5,22.79,60.69,0,0,40.04,intermediate,45.4,6.0,3.0,56.8,1,0,0,0,1,0
2024-10-04,246,12,21.13,82.54,4,0,35.48,beginner,40.61,10.0,4.0,20.5,0,0,0,0,0,1
2024-08-28,260,11,23.81,44.14,2,0,30.74,beginner,23.8,8.0,28.0,23.636363636363637,0,1,0,0,0,0
2024-08-12,261,4,19.42,53.41,0,1,27.85,expert,35.35,8.0,12.0,65.25,2,1,0,0,0,0
2024-10-30,200,8,29.38,59.22,2,0,14.78,beginner,35.68,10.0,30.0,25.0,0,0,1,0,0,0
2024-09-04,210,8,20.45,47.4,2,0,22.42,intermediate,24.92,9.0,4.0,26.25,1,0,0,0,0,1
2024-04-15,231,11,26.22,51.75,0,0,37.2,beginner,42.22,4.0,15.0,21.0,0,1,0,0,0,0
2024-07-01,335,8,15.06,68.19,0,0,42.42,expert,50.13,7.0,1.0,41.875,2,1,0,0,0,0
2024-04-21,180,8,17.79,50.07,6,1,25.05,expert,37.1,4.0,21.0,22.5,2,0,0,1,0,0
2024-03-28,206,6,19.61,53.19,3,1,34.71,beginner,58.32,3.0,28.0,34.333333333333336,0,0,0,0,1,0
2024-05-16,202,9,24.38,57.66,3,0,27.2,expert,38.26,5.0,16.0,22.444444444444443,2,1,0,0,0,0
2024-06-28,109,9,26.99,43.79,4,0,30.98,expert,25.7,6.0,28.0,12.11111111111111,2,0,0,1,0,0
2024-05-28,279,11,20.33,58.63,1,1,21.7,intermediate,37.77,5.0,28.0,25.363636363636363,1,0,0,0,0,1
2024-08-19,287,8,26.99,58.41,0,0,27.25,intermediate,34.86,8.0,19.0,35.875,1,0,1,0,0,0
2024-04-20,179,7,15.52,64.07,5,1,31.25,expert,48.49,4.0,20.0,25.571428571428573,2,0,0,0,1,0
2024-03-23,291,11,24.81,56.33,5,0,45.95,intermediate,47.7,3.0,23.0,26.454545454545453,1,1,0,0,0,0
2024-02-04,262,10,29.79,54.47,6,0,46.83,expert,43.5,2.0,4.0,26.2,2,1,0,0,0,0
2024-11-03,261,9,26.01,57.44,6,0,28.29,expert,27.28,11.0,3.0,29.0,2,0,0,1,0,0
2024-12-29,219,5,28.81,32.11,6,0,18.72,beginner,30.86,12.0,29.0,43.8,0,0,0,0,0,1
2024-12-15,237,10,22.93,55.14,6,0,29.24,expert,29.75,12.0,15.0,23.7,2,1,0,0,0,0
2024-08-19,405,11,29.39,65.91,0,0,36.42,intermediate,59.12,8.0,19.0,36.81818181818182,1,0,0,0,1,0
2024-03-30,262,8,18.51,82.67,5,0,29.32,expert,32.21,3.0,30.0,32.75,2,0,1,0,0,0
2024-04-24,158,6,21.43,56.98,2,1,16.23,beginner,31.98,4.0,24.0,26.333333333333332,0,0,1,0,0,0
2024-03-09,277,9,24.17,63.68,5,0,43.03,expert,53.54,3.0,9.0,30.77777777777778,2,0,0,1,0,0
2024-05-15,349,6,19.21,49.61,2,0,31.0,beginner,48.0,5.0,15.0,58.166666666666664,0,1,0,0,0,0
2024-04-18,124,9,21.05,55.16,3,0,30.29,intermediate,32.25,4.0,18.0,13.777777777777779,1,1,0,0,0,0
2024-02-08,291,9,22.79,68.2,3,0,26.89,intermediate,49.94,2.0,8.0,32.333333333333336,1,0,0,1,0,0
2024-06-02,306,4,33.53,55.83,6,1,30.74,expert,50.05,6.0,2.0,76.5,2,0,0,0,1,0
2024-06-19,318,8,28.06,50.79,2,0,36.45,beginner,47.3,6.0,19.0,39.75,0,0,0,0,0,1
2024-08-11,139,4,29.6,60.93,6,0,40.75,intermediate,42.71,8.0,11.0,34.75,1,0,0,0,1,0
2024-02-11,380,8,19.66,60.47,6,0,19.04,expert,44.73,2.0,11.0,47.5,2,0,0,1,0,0
2024-02-14,313,6,26.88,42.87,2,0,14.23,intermediate,35.02,2.0,14.0,52.166666666666664,1,0,0,0,0,1
2024-10-12,341,8,17.06,63.98,5,0,31.06,expert,50.59,10.0,12.0,42.625,2,0,0,0,1,0
2024-07-06,345,8,19.86,42.11,5,0,33.61,beginner,52.79,7.0,6.0,43.125,0,0,0,0,1,0
2024-05-17,273,11,21.4,52.05,4,0,29.38,intermediate,43.82,5.0,17.0,24.818181818181817,1,0,0,0,1,0
2024-06-04,347,11,28.48,54.9,1,0,27.67,beginner,56.12,6.0,4.0,31.545454545454547,0,0,0,1,0,0
2024-07-25,233,10,22.79,51.22,3,1,35.76,beginner,42.8,7.0,25.0,23.3,0,0,0,1,0,0
2024-03-14,154,6,30.73,42.53,3,1,39.03,intermediate,38.86,3.0,14.0,25.666666666666668,1,0,0,0,0,1
2024-03-29,148,10,17.3,48.35,4,0,21.82,intermediate,29.47,3.0,29.0,14.8,1,0,1,0,0,0
2024-08-14,265,11,27.02,58.98,2,0,31.91,intermediate,43.1,8.0,14.0,24.09090909090909,1,0,0,0,1,0
2024-04-24,167,8,23.8,54.27,2,0,22.06,expert,39.68,4.0,24.0,20.875,2,0,0,0,1,0
2024-04-15,267,6,18.32,42.1,0,0,15.7,beginner,33.58,4.0,15.0,44.5,0,0,0,0,0,1
2024-07-18,167,4,27.45,66.62,3,0,34.64,beginner,34.93,7.0,18.0,41.75,0,0,1,0,0,0
2024-04-18,239,7,26.04,53.5,3,0,30.92,beginner,32.91,4.0,18.0,34.142857142857146,0,0,1,0,0,0
2024-03-01,236,4,25.0,76.39,4,0,30.74,intermediate,31.04,3.0,1.0,59.0,1,0,1,0,0,0
2024-08-31,263,8,22.56,60.41,5,1,19.35,beginner,33.3,8.0,31.0,32.875,0,0,0,0,1,0
2024-09-15,181,7,29.03,58.62,6,0,11.11,intermediate,24.81,9.0,15.0,25.857142857142858,1,0,0,0,0,1
2024-01-30,225,10,11.21,81.38,1,0,43.71,intermediate,44.9,1.0,30.0,22.5,1,0,0,0,0,1
2024-12-13,379,9,24.76,34.87,4,0,32.17,beginner,63.65,12.0,13.0,42.111111111111114,0,0,0,0,1,0
2024-12-19,349,7,21.23,48.25,3,1,24.38,intermediate,44.02,12.0,19.0,49.857142857142854,1,0,0,0,1,0
2024-07-07,232,8,19.67,79.27,6,0,18.62,intermediate,26.27,7.0,7.0,29.0,1,1,0,0,0,0
2024-11-07,262,9,27.51,62.26,3,0,32.67,expert,35.49,11.0,7.0,29.11111111111111,2,0,0,0,0,1
